2026-03-13 10:26:49 - main - [31mERROR[0m - [main.global_exception_handler:83] - Unhandled exception: CompendiumCategory.subcategories and back-reference CompendiumCategory.parent are both of the same direction <RelationshipDirection.MANYTOONE: 2>.  Did you mean to set remote_side on the many-to-one side ?
Traceback (most recent call last):
  File "C:\Users\User\AppData\Local\Programs\Python\Python312\Lib\site-packages\starlette\middleware\errors.py", line 164, in __call__
    await self.app(scope, receive, _send)
  File "C:\Users\User\AppData\Local\Programs\Python\Python312\Lib\site-packages\starlette\middleware\cors.py", line 87, in __call__
    await self.app(scope, receive, send)
  File "C:\Users\User\AppData\Local\Programs\Python\Python312\Lib\site-packages\starlette\middleware\base.py", line 198, in __call__
    raise app_exc
  File "C:\Users\User\AppData\Local\Programs\Python\Python312\Lib\site-packages\starlette\middleware\base.py", line 144, in coro
    await self.app(scope, receive_or_disconnect, send_no_error)
  File "C:\Users\User\AppData\Local\Programs\Python\Python312\Lib\site-packages\starlette\middleware\base.py", line 198, in __call__
    raise app_exc
  File "C:\Users\User\AppData\Local\Programs\Python\Python312\Lib\site-packages\starlette\middleware\base.py", line 144, in coro
    await self.app(scope, receive_or_disconnect, send_no_error)
  File "C:\Users\User\AppData\Local\Programs\Python\Python312\Lib\site-packages\starlette\middleware\exceptions.py", line 63, in __call__
    await wrap_app_handling_exceptions(self.app, conn)(scope, receive, send)
  File "C:\Users\User\AppData\Local\Programs\Python\Python312\Lib\site-packages\starlette\_exception_handler.py", line 53, in wrapped_app
    raise exc
  File "C:\Users\User\AppData\Local\Programs\Python\Python312\Lib\site-packages\starlette\_exception_handler.py", line 42, in wrapped_app
    await app(scope, receive, sender)
  File "C:\Users\User\AppData\Local\Programs\Python\Python312\Lib\site-packages\fastapi\middleware\asyncexitstack.py", line 18, in __call__
    await self.app(scope, receive, send)
  File "C:\Users\User\AppData\Local\Programs\Python\Python312\Lib\site-packages\starlette\routing.py", line 716, in __call__
    await self.middleware_stack(scope, receive, send)
  File "C:\Users\User\AppData\Local\Programs\Python\Python312\Lib\site-packages\starlette\routing.py", line 736, in app
    await route.handle(scope, receive, send)
  File "C:\Users\User\AppData\Local\Programs\Python\Python312\Lib\site-packages\starlette\routing.py", line 462, in handle
    await self.app(scope, receive, send)
  File "C:\Users\User\AppData\Local\Programs\Python\Python312\Lib\site-packages\fastapi\applications.py", line 1160, in __call__
    await super().__call__(scope, receive, send)
  File "C:\Users\User\AppData\Local\Programs\Python\Python312\Lib\site-packages\starlette\applications.py", line 107, in __call__
    await self.middleware_stack(scope, receive, send)
  File "C:\Users\User\AppData\Local\Programs\Python\Python312\Lib\site-packages\starlette\middleware\errors.py", line 186, in __call__
    raise exc
  File "C:\Users\User\AppData\Local\Programs\Python\Python312\Lib\site-packages\starlette\middleware\errors.py", line 164, in __call__
    await self.app(scope, receive, _send)
  File "C:\Users\User\AppData\Local\Programs\Python\Python312\Lib\site-packages\starlette\middleware\exceptions.py", line 63, in __call__
    await wrap_app_handling_exceptions(self.app, conn)(scope, receive, send)
  File "C:\Users\User\AppData\Local\Programs\Python\Python312\Lib\site-packages\starlette\_exception_handler.py", line 53, in wrapped_app
    raise exc
  File "C:\Users\User\AppData\Local\Programs\Python\Python312\Lib\site-packages\starlette\_exception_handler.py", line 42, in wrapped_app
    await app(scope, receive, sender)
  File "C:\Users\User\AppData\Local\Programs\Python\Python312\Lib\site-packages\fastapi\middleware\asyncexitstack.py", line 18, in __call__
    await self.app(scope, receive, send)
  File "C:\Users\User\AppData\Local\Programs\Python\Python312\Lib\site-packages\starlette\routing.py", line 716, in __call__
    await self.middleware_stack(scope, receive, send)
  File "C:\Users\User\AppData\Local\Programs\Python\Python312\Lib\site-packages\starlette\routing.py", line 736, in app
    await route.handle(scope, receive, send)
  File "C:\Users\User\AppData\Local\Programs\Python\Python312\Lib\site-packages\starlette\routing.py", line 290, in handle
    await self.app(scope, receive, send)
  File "C:\Users\User\AppData\Local\Programs\Python\Python312\Lib\site-packages\fastapi\routing.py", line 130, in app
    await wrap_app_handling_exceptions(app, request)(scope, receive, send)
  File "C:\Users\User\AppData\Local\Programs\Python\Python312\Lib\site-packages\starlette\_exception_handler.py", line 53, in wrapped_app
    raise exc
  File "C:\Users\User\AppData\Local\Programs\Python\Python312\Lib\site-packages\starlette\_exception_handler.py", line 42, in wrapped_app
    await app(scope, receive, sender)
  File "C:\Users\User\AppData\Local\Programs\Python\Python312\Lib\site-packages\fastapi\routing.py", line 116, in app
    response = await f(request)
               ^^^^^^^^^^^^^^^^
  File "C:\Users\User\AppData\Local\Programs\Python\Python312\Lib\site-packages\fastapi\routing.py", line 670, in app
    raw_response = await run_endpoint_function(
                   ^^^^^^^^^^^^^^^^^^^^^^^^^^^^
  File "C:\Users\User\AppData\Local\Programs\Python\Python312\Lib\site-packages\fastapi\routing.py", line 324, in run_endpoint_function
    return await dependant.call(**values)
           ^^^^^^^^^^^^^^^^^^^^^^^^^^^^^^
  File "C:\VS_Code\MAGGxDND\backend\src\api\routers\compendium.py", line 33, in get_all_categories
    return service.get_all_categories(include_entries=include_entries)
           ^^^^^^^^^^^^^^^^^^^^^^^^^^^^^^^^^^^^^^^^^^^^^^^^^^^^^^^^^^^
  File "C:\VS_Code\MAGGxDND\backend\src\services\compendium_service.py", line 32, in get_all_categories
    categories = self.db.query(CompendiumCategory).filter(
                 ^^^^^^^^^^^^^^^^^^^^^^^^^^^^^^^^^
  File "C:\Users\User\AppData\Local\Programs\Python\Python312\Lib\site-packages\sqlalchemy\orm\session.py", line 2941, in query
    return self._query_cls(entities, self, **kwargs)
           ^^^^^^^^^^^^^^^^^^^^^^^^^^^^^^^^^^^^^^^^^
  File "C:\Users\User\AppData\Local\Programs\Python\Python312\Lib\site-packages\sqlalchemy\orm\query.py", line 276, in __init__
    self._set_entities(entities)
  File "C:\Users\User\AppData\Local\Programs\Python\Python312\Lib\site-packages\sqlalchemy\orm\query.py", line 289, in _set_entities
    coercions.expect(
  File "C:\Users\User\AppData\Local\Programs\Python\Python312\Lib\site-packages\sqlalchemy\sql\coercions.py", line 389, in expect
    insp._post_inspect
  File "C:\Users\User\AppData\Local\Programs\Python\Python312\Lib\site-packages\sqlalchemy\util\langhelpers.py", line 1235, in __get__
    obj.__dict__[self.__name__] = result = self.fget(obj)
                                           ^^^^^^^^^^^^^^
  File "C:\Users\User\AppData\Local\Programs\Python\Python312\Lib\site-packages\sqlalchemy\orm\mapper.py", line 2733, in _post_inspect
    self._check_configure()
  File "C:\Users\User\AppData\Local\Programs\Python\Python312\Lib\site-packages\sqlalchemy\orm\mapper.py", line 2410, in _check_configure
    _configure_registries({self.registry}, cascade=True)
  File "C:\Users\User\AppData\Local\Programs\Python\Python312\Lib\site-packages\sqlalchemy\orm\mapper.py", line 4227, in _configure_registries
    _do_configure_registries(registries, cascade)
  File "C:\Users\User\AppData\Local\Programs\Python\Python312\Lib\site-packages\sqlalchemy\orm\mapper.py", line 4268, in _do_configure_registries
    mapper._post_configure_properties()
  File "C:\Users\User\AppData\Local\Programs\Python\Python312\Lib\site-packages\sqlalchemy\orm\mapper.py", line 2427, in _post_configure_properties
    prop.init()
  File "C:\Users\User\AppData\Local\Programs\Python\Python312\Lib\site-packages\sqlalchemy\orm\interfaces.py", line 595, in init
    self.do_init()
  File "C:\Users\User\AppData\Local\Programs\Python\Python312\Lib\site-packages\sqlalchemy\orm\relationships.py", line 1660, in do_init
    self._generate_backref()
  File "C:\Users\User\AppData\Local\Programs\Python\Python312\Lib\site-packages\sqlalchemy\orm\relationships.py", line 2144, in _generate_backref
    self._add_reverse_property(self.back_populates)
  File "C:\Users\User\AppData\Local\Programs\Python\Python312\Lib\site-packages\sqlalchemy\orm\relationships.py", line 1627, in _add_reverse_property
    raise sa_exc.ArgumentError(
sqlalchemy.exc.ArgumentError: CompendiumCategory.subcategories and back-reference CompendiumCategory.parent are both of the same direction <RelationshipDirection.MANYTOONE: 2>.  Did you mean to set remote_side on the many-to-one side ?
2026-03-13 10:35:39 - main - [31mERROR[0m - [main.global_exception_handler:83] - Unhandled exception: One or more mappers failed to initialize - can't proceed with initialization of other mappers. Triggering mapper: 'Mapper[CompendiumCategory(compendium_categories)]'. Original exception was: CompendiumCategory.subcategories and back-reference CompendiumCategory.parent are both of the same direction <RelationshipDirection.MANYTOONE: 2>.  Did you mean to set remote_side on the many-to-one side ?
Traceback (most recent call last):
  File "C:\Users\User\AppData\Local\Programs\Python\Python312\Lib\site-packages\starlette\middleware\errors.py", line 164, in __call__
    await self.app(scope, receive, _send)
  File "C:\Users\User\AppData\Local\Programs\Python\Python312\Lib\site-packages\starlette\middleware\cors.py", line 95, in __call__
    await self.simple_response(scope, receive, send, request_headers=headers)
  File "C:\Users\User\AppData\Local\Programs\Python\Python312\Lib\site-packages\starlette\middleware\cors.py", line 153, in simple_response
    await self.app(scope, receive, send)
  File "C:\Users\User\AppData\Local\Programs\Python\Python312\Lib\site-packages\starlette\middleware\base.py", line 198, in __call__
    raise app_exc
  File "C:\Users\User\AppData\Local\Programs\Python\Python312\Lib\site-packages\starlette\middleware\base.py", line 144, in coro
    await self.app(scope, receive_or_disconnect, send_no_error)
  File "C:\Users\User\AppData\Local\Programs\Python\Python312\Lib\site-packages\starlette\middleware\base.py", line 198, in __call__
    raise app_exc
  File "C:\Users\User\AppData\Local\Programs\Python\Python312\Lib\site-packages\starlette\middleware\base.py", line 144, in coro
    await self.app(scope, receive_or_disconnect, send_no_error)
  File "C:\Users\User\AppData\Local\Programs\Python\Python312\Lib\site-packages\starlette\middleware\exceptions.py", line 63, in __call__
    await wrap_app_handling_exceptions(self.app, conn)(scope, receive, send)
  File "C:\Users\User\AppData\Local\Programs\Python\Python312\Lib\site-packages\starlette\_exception_handler.py", line 53, in wrapped_app
    raise exc
  File "C:\Users\User\AppData\Local\Programs\Python\Python312\Lib\site-packages\starlette\_exception_handler.py", line 42, in wrapped_app
    await app(scope, receive, sender)
  File "C:\Users\User\AppData\Local\Programs\Python\Python312\Lib\site-packages\fastapi\middleware\asyncexitstack.py", line 18, in __call__
    await self.app(scope, receive, send)
  File "C:\Users\User\AppData\Local\Programs\Python\Python312\Lib\site-packages\starlette\routing.py", line 716, in __call__
    await self.middleware_stack(scope, receive, send)
  File "C:\Users\User\AppData\Local\Programs\Python\Python312\Lib\site-packages\starlette\routing.py", line 736, in app
    await route.handle(scope, receive, send)
  File "C:\Users\User\AppData\Local\Programs\Python\Python312\Lib\site-packages\starlette\routing.py", line 462, in handle
    await self.app(scope, receive, send)
  File "C:\Users\User\AppData\Local\Programs\Python\Python312\Lib\site-packages\fastapi\applications.py", line 1160, in __call__
    await super().__call__(scope, receive, send)
  File "C:\Users\User\AppData\Local\Programs\Python\Python312\Lib\site-packages\starlette\applications.py", line 107, in __call__
    await self.middleware_stack(scope, receive, send)
  File "C:\Users\User\AppData\Local\Programs\Python\Python312\Lib\site-packages\starlette\middleware\errors.py", line 186, in __call__
    raise exc
  File "C:\Users\User\AppData\Local\Programs\Python\Python312\Lib\site-packages\starlette\middleware\errors.py", line 164, in __call__
    await self.app(scope, receive, _send)
  File "C:\Users\User\AppData\Local\Programs\Python\Python312\Lib\site-packages\starlette\middleware\exceptions.py", line 63, in __call__
    await wrap_app_handling_exceptions(self.app, conn)(scope, receive, send)
  File "C:\Users\User\AppData\Local\Programs\Python\Python312\Lib\site-packages\starlette\_exception_handler.py", line 53, in wrapped_app
    raise exc
  File "C:\Users\User\AppData\Local\Programs\Python\Python312\Lib\site-packages\starlette\_exception_handler.py", line 42, in wrapped_app
    await app(scope, receive, sender)
  File "C:\Users\User\AppData\Local\Programs\Python\Python312\Lib\site-packages\fastapi\middleware\asyncexitstack.py", line 18, in __call__
    await self.app(scope, receive, send)
  File "C:\Users\User\AppData\Local\Programs\Python\Python312\Lib\site-packages\starlette\routing.py", line 716, in __call__
    await self.middleware_stack(scope, receive, send)
  File "C:\Users\User\AppData\Local\Programs\Python\Python312\Lib\site-packages\starlette\routing.py", line 736, in app
    await route.handle(scope, receive, send)
  File "C:\Users\User\AppData\Local\Programs\Python\Python312\Lib\site-packages\starlette\routing.py", line 290, in handle
    await self.app(scope, receive, send)
  File "C:\Users\User\AppData\Local\Programs\Python\Python312\Lib\site-packages\fastapi\routing.py", line 130, in app
    await wrap_app_handling_exceptions(app, request)(scope, receive, send)
  File "C:\Users\User\AppData\Local\Programs\Python\Python312\Lib\site-packages\starlette\_exception_handler.py", line 53, in wrapped_app
    raise exc
  File "C:\Users\User\AppData\Local\Programs\Python\Python312\Lib\site-packages\starlette\_exception_handler.py", line 42, in wrapped_app
    await app(scope, receive, sender)
  File "C:\Users\User\AppData\Local\Programs\Python\Python312\Lib\site-packages\fastapi\routing.py", line 116, in app
    response = await f(request)
               ^^^^^^^^^^^^^^^^
  File "C:\Users\User\AppData\Local\Programs\Python\Python312\Lib\site-packages\fastapi\routing.py", line 670, in app
    raw_response = await run_endpoint_function(
                   ^^^^^^^^^^^^^^^^^^^^^^^^^^^^
  File "C:\Users\User\AppData\Local\Programs\Python\Python312\Lib\site-packages\fastapi\routing.py", line 326, in run_endpoint_function
    return await run_in_threadpool(dependant.call, **values)
           ^^^^^^^^^^^^^^^^^^^^^^^^^^^^^^^^^^^^^^^^^^^^^^^^^
  File "C:\Users\User\AppData\Local\Programs\Python\Python312\Lib\site-packages\starlette\concurrency.py", line 32, in run_in_threadpool
    return await anyio.to_thread.run_sync(func)
           ^^^^^^^^^^^^^^^^^^^^^^^^^^^^^^^^^^^^
  File "C:\Users\User\AppData\Local\Programs\Python\Python312\Lib\site-packages\anyio\to_thread.py", line 33, in run_sync
    return await get_asynclib().run_sync_in_worker_thread(
           ^^^^^^^^^^^^^^^^^^^^^^^^^^^^^^^^^^^^^^^^^^^^^^^
  File "C:\Users\User\AppData\Local\Programs\Python\Python312\Lib\site-packages\anyio\_backends\_asyncio.py", line 877, in run_sync_in_worker_thread
    return await future
           ^^^^^^^^^^^^
  File "C:\Users\User\AppData\Local\Programs\Python\Python312\Lib\site-packages\anyio\_backends\_asyncio.py", line 807, in run
    result = context.run(func, *args)
             ^^^^^^^^^^^^^^^^^^^^^^^^
  File "C:\VS_Code\MAGGxDND\backend\src\api\routers\login.py", line 66, in login_with_json
    user = auth_service.authenticate_user(db=db, username=request.username, password=request.password)
           ^^^^^^^^^^^^^^^^^^^^^^^^^^^^^^^^^^^^^^^^^^^^^^^^^^^^^^^^^^^^^^^^^^^^^^^^^^^^^^^^^^^^^^^^^^^
  File "C:\VS_Code\MAGGxDND\backend\src\services\auth.py", line 21, in authenticate_user
    db_user = user_repo.get_by_username(db, username=username)
              ^^^^^^^^^^^^^^^^^^^^^^^^^^^^^^^^^^^^^^^^^^^^^^^^
  File "C:\VS_Code\MAGGxDND\backend\src\repositories\user.py", line 12, in get_by_username
    return db.query(User).filter(User.username == username).first()
           ^^^^^^^^^^^^^^
  File "C:\Users\User\AppData\Local\Programs\Python\Python312\Lib\site-packages\sqlalchemy\orm\session.py", line 2941, in query
    return self._query_cls(entities, self, **kwargs)
           ^^^^^^^^^^^^^^^^^^^^^^^^^^^^^^^^^^^^^^^^^
  File "C:\Users\User\AppData\Local\Programs\Python\Python312\Lib\site-packages\sqlalchemy\orm\query.py", line 276, in __init__
    self._set_entities(entities)
  File "C:\Users\User\AppData\Local\Programs\Python\Python312\Lib\site-packages\sqlalchemy\orm\query.py", line 289, in _set_entities
    coercions.expect(
  File "C:\Users\User\AppData\Local\Programs\Python\Python312\Lib\site-packages\sqlalchemy\sql\coercions.py", line 389, in expect
    insp._post_inspect
  File "C:\Users\User\AppData\Local\Programs\Python\Python312\Lib\site-packages\sqlalchemy\util\langhelpers.py", line 1235, in __get__
    obj.__dict__[self.__name__] = result = self.fget(obj)
                                           ^^^^^^^^^^^^^^
  File "C:\Users\User\AppData\Local\Programs\Python\Python312\Lib\site-packages\sqlalchemy\orm\mapper.py", line 2733, in _post_inspect
    self._check_configure()
  File "C:\Users\User\AppData\Local\Programs\Python\Python312\Lib\site-packages\sqlalchemy\orm\mapper.py", line 2410, in _check_configure
    _configure_registries({self.registry}, cascade=True)
  File "C:\Users\User\AppData\Local\Programs\Python\Python312\Lib\site-packages\sqlalchemy\orm\mapper.py", line 4227, in _configure_registries
    _do_configure_registries(registries, cascade)
  File "C:\Users\User\AppData\Local\Programs\Python\Python312\Lib\site-packages\sqlalchemy\orm\mapper.py", line 4264, in _do_configure_registries
    raise e
sqlalchemy.exc.InvalidRequestError: One or more mappers failed to initialize - can't proceed with initialization of other mappers. Triggering mapper: 'Mapper[CompendiumCategory(compendium_categories)]'. Original exception was: CompendiumCategory.subcategories and back-reference CompendiumCategory.parent are both of the same direction <RelationshipDirection.MANYTOONE: 2>.  Did you mean to set remote_side on the many-to-one side ?
2026-03-13 10:36:03 - main - [31mERROR[0m - [main.global_exception_handler:83] - Unhandled exception: One or more mappers failed to initialize - can't proceed with initialization of other mappers. Triggering mapper: 'Mapper[CompendiumCategory(compendium_categories)]'. Original exception was: CompendiumCategory.subcategories and back-reference CompendiumCategory.parent are both of the same direction <RelationshipDirection.MANYTOONE: 2>.  Did you mean to set remote_side on the many-to-one side ?
Traceback (most recent call last):
  File "C:\Users\User\AppData\Local\Programs\Python\Python312\Lib\site-packages\starlette\middleware\errors.py", line 164, in __call__
    await self.app(scope, receive, _send)
  File "C:\Users\User\AppData\Local\Programs\Python\Python312\Lib\site-packages\starlette\middleware\cors.py", line 95, in __call__
    await self.simple_response(scope, receive, send, request_headers=headers)
  File "C:\Users\User\AppData\Local\Programs\Python\Python312\Lib\site-packages\starlette\middleware\cors.py", line 153, in simple_response
    await self.app(scope, receive, send)
  File "C:\Users\User\AppData\Local\Programs\Python\Python312\Lib\site-packages\starlette\middleware\base.py", line 198, in __call__
    raise app_exc
  File "C:\Users\User\AppData\Local\Programs\Python\Python312\Lib\site-packages\starlette\middleware\base.py", line 144, in coro
    await self.app(scope, receive_or_disconnect, send_no_error)
  File "C:\Users\User\AppData\Local\Programs\Python\Python312\Lib\site-packages\starlette\middleware\base.py", line 198, in __call__
    raise app_exc
  File "C:\Users\User\AppData\Local\Programs\Python\Python312\Lib\site-packages\starlette\middleware\base.py", line 144, in coro
    await self.app(scope, receive_or_disconnect, send_no_error)
  File "C:\Users\User\AppData\Local\Programs\Python\Python312\Lib\site-packages\starlette\middleware\exceptions.py", line 63, in __call__
    await wrap_app_handling_exceptions(self.app, conn)(scope, receive, send)
  File "C:\Users\User\AppData\Local\Programs\Python\Python312\Lib\site-packages\starlette\_exception_handler.py", line 53, in wrapped_app
    raise exc
  File "C:\Users\User\AppData\Local\Programs\Python\Python312\Lib\site-packages\starlette\_exception_handler.py", line 42, in wrapped_app
    await app(scope, receive, sender)
  File "C:\Users\User\AppData\Local\Programs\Python\Python312\Lib\site-packages\fastapi\middleware\asyncexitstack.py", line 18, in __call__
    await self.app(scope, receive, send)
  File "C:\Users\User\AppData\Local\Programs\Python\Python312\Lib\site-packages\starlette\routing.py", line 716, in __call__
    await self.middleware_stack(scope, receive, send)
  File "C:\Users\User\AppData\Local\Programs\Python\Python312\Lib\site-packages\starlette\routing.py", line 736, in app
    await route.handle(scope, receive, send)
  File "C:\Users\User\AppData\Local\Programs\Python\Python312\Lib\site-packages\starlette\routing.py", line 462, in handle
    await self.app(scope, receive, send)
  File "C:\Users\User\AppData\Local\Programs\Python\Python312\Lib\site-packages\fastapi\applications.py", line 1160, in __call__
    await super().__call__(scope, receive, send)
  File "C:\Users\User\AppData\Local\Programs\Python\Python312\Lib\site-packages\starlette\applications.py", line 107, in __call__
    await self.middleware_stack(scope, receive, send)
  File "C:\Users\User\AppData\Local\Programs\Python\Python312\Lib\site-packages\starlette\middleware\errors.py", line 186, in __call__
    raise exc
  File "C:\Users\User\AppData\Local\Programs\Python\Python312\Lib\site-packages\starlette\middleware\errors.py", line 164, in __call__
    await self.app(scope, receive, _send)
  File "C:\Users\User\AppData\Local\Programs\Python\Python312\Lib\site-packages\starlette\middleware\exceptions.py", line 63, in __call__
    await wrap_app_handling_exceptions(self.app, conn)(scope, receive, send)
  File "C:\Users\User\AppData\Local\Programs\Python\Python312\Lib\site-packages\starlette\_exception_handler.py", line 53, in wrapped_app
    raise exc
  File "C:\Users\User\AppData\Local\Programs\Python\Python312\Lib\site-packages\starlette\_exception_handler.py", line 42, in wrapped_app
    await app(scope, receive, sender)
  File "C:\Users\User\AppData\Local\Programs\Python\Python312\Lib\site-packages\fastapi\middleware\asyncexitstack.py", line 18, in __call__
    await self.app(scope, receive, send)
  File "C:\Users\User\AppData\Local\Programs\Python\Python312\Lib\site-packages\starlette\routing.py", line 716, in __call__
    await self.middleware_stack(scope, receive, send)
  File "C:\Users\User\AppData\Local\Programs\Python\Python312\Lib\site-packages\starlette\routing.py", line 736, in app
    await route.handle(scope, receive, send)
  File "C:\Users\User\AppData\Local\Programs\Python\Python312\Lib\site-packages\starlette\routing.py", line 290, in handle
    await self.app(scope, receive, send)
  File "C:\Users\User\AppData\Local\Programs\Python\Python312\Lib\site-packages\fastapi\routing.py", line 130, in app
    await wrap_app_handling_exceptions(app, request)(scope, receive, send)
  File "C:\Users\User\AppData\Local\Programs\Python\Python312\Lib\site-packages\starlette\_exception_handler.py", line 53, in wrapped_app
    raise exc
  File "C:\Users\User\AppData\Local\Programs\Python\Python312\Lib\site-packages\starlette\_exception_handler.py", line 42, in wrapped_app
    await app(scope, receive, sender)
  File "C:\Users\User\AppData\Local\Programs\Python\Python312\Lib\site-packages\fastapi\routing.py", line 116, in app
    response = await f(request)
               ^^^^^^^^^^^^^^^^
  File "C:\Users\User\AppData\Local\Programs\Python\Python312\Lib\site-packages\fastapi\routing.py", line 670, in app
    raw_response = await run_endpoint_function(
                   ^^^^^^^^^^^^^^^^^^^^^^^^^^^^
  File "C:\Users\User\AppData\Local\Programs\Python\Python312\Lib\site-packages\fastapi\routing.py", line 326, in run_endpoint_function
    return await run_in_threadpool(dependant.call, **values)
           ^^^^^^^^^^^^^^^^^^^^^^^^^^^^^^^^^^^^^^^^^^^^^^^^^
  File "C:\Users\User\AppData\Local\Programs\Python\Python312\Lib\site-packages\starlette\concurrency.py", line 32, in run_in_threadpool
    return await anyio.to_thread.run_sync(func)
           ^^^^^^^^^^^^^^^^^^^^^^^^^^^^^^^^^^^^
  File "C:\Users\User\AppData\Local\Programs\Python\Python312\Lib\site-packages\anyio\to_thread.py", line 33, in run_sync
    return await get_asynclib().run_sync_in_worker_thread(
           ^^^^^^^^^^^^^^^^^^^^^^^^^^^^^^^^^^^^^^^^^^^^^^^
  File "C:\Users\User\AppData\Local\Programs\Python\Python312\Lib\site-packages\anyio\_backends\_asyncio.py", line 877, in run_sync_in_worker_thread
    return await future
           ^^^^^^^^^^^^
  File "C:\Users\User\AppData\Local\Programs\Python\Python312\Lib\site-packages\anyio\_backends\_asyncio.py", line 807, in run
    result = context.run(func, *args)
             ^^^^^^^^^^^^^^^^^^^^^^^^
  File "C:\VS_Code\MAGGxDND\backend\src\api\routers\login.py", line 160, in register_user
    existing_user = user_repo.get_by_username(db, username=request.username)
                    ^^^^^^^^^^^^^^^^^^^^^^^^^^^^^^^^^^^^^^^^^^^^^^^^^^^^^^^^
  File "C:\VS_Code\MAGGxDND\backend\src\repositories\user.py", line 12, in get_by_username
    return db.query(User).filter(User.username == username).first()
           ^^^^^^^^^^^^^^
  File "C:\Users\User\AppData\Local\Programs\Python\Python312\Lib\site-packages\sqlalchemy\orm\session.py", line 2941, in query
    return self._query_cls(entities, self, **kwargs)
           ^^^^^^^^^^^^^^^^^^^^^^^^^^^^^^^^^^^^^^^^^
  File "C:\Users\User\AppData\Local\Programs\Python\Python312\Lib\site-packages\sqlalchemy\orm\query.py", line 276, in __init__
    self._set_entities(entities)
  File "C:\Users\User\AppData\Local\Programs\Python\Python312\Lib\site-packages\sqlalchemy\orm\query.py", line 289, in _set_entities
    coercions.expect(
  File "C:\Users\User\AppData\Local\Programs\Python\Python312\Lib\site-packages\sqlalchemy\sql\coercions.py", line 389, in expect
    insp._post_inspect
  File "C:\Users\User\AppData\Local\Programs\Python\Python312\Lib\site-packages\sqlalchemy\util\langhelpers.py", line 1235, in __get__
    obj.__dict__[self.__name__] = result = self.fget(obj)
                                           ^^^^^^^^^^^^^^
  File "C:\Users\User\AppData\Local\Programs\Python\Python312\Lib\site-packages\sqlalchemy\orm\mapper.py", line 2733, in _post_inspect
    self._check_configure()
  File "C:\Users\User\AppData\Local\Programs\Python\Python312\Lib\site-packages\sqlalchemy\orm\mapper.py", line 2410, in _check_configure
    _configure_registries({self.registry}, cascade=True)
  File "C:\Users\User\AppData\Local\Programs\Python\Python312\Lib\site-packages\sqlalchemy\orm\mapper.py", line 4227, in _configure_registries
    _do_configure_registries(registries, cascade)
  File "C:\Users\User\AppData\Local\Programs\Python\Python312\Lib\site-packages\sqlalchemy\orm\mapper.py", line 4264, in _do_configure_registries
    raise e
sqlalchemy.exc.InvalidRequestError: One or more mappers failed to initialize - can't proceed with initialization of other mappers. Triggering mapper: 'Mapper[CompendiumCategory(compendium_categories)]'. Original exception was: CompendiumCategory.subcategories and back-reference CompendiumCategory.parent are both of the same direction <RelationshipDirection.MANYTOONE: 2>.  Did you mean to set remote_side on the many-to-one side ?
2026-03-13 10:36:11 - main - [31mERROR[0m - [main.global_exception_handler:83] - Unhandled exception: One or more mappers failed to initialize - can't proceed with initialization of other mappers. Triggering mapper: 'Mapper[CompendiumCategory(compendium_categories)]'. Original exception was: CompendiumCategory.subcategories and back-reference CompendiumCategory.parent are both of the same direction <RelationshipDirection.MANYTOONE: 2>.  Did you mean to set remote_side on the many-to-one side ?
Traceback (most recent call last):
  File "C:\Users\User\AppData\Local\Programs\Python\Python312\Lib\site-packages\starlette\middleware\errors.py", line 164, in __call__
    await self.app(scope, receive, _send)
  File "C:\Users\User\AppData\Local\Programs\Python\Python312\Lib\site-packages\starlette\middleware\cors.py", line 95, in __call__
    await self.simple_response(scope, receive, send, request_headers=headers)
  File "C:\Users\User\AppData\Local\Programs\Python\Python312\Lib\site-packages\starlette\middleware\cors.py", line 153, in simple_response
    await self.app(scope, receive, send)
  File "C:\Users\User\AppData\Local\Programs\Python\Python312\Lib\site-packages\starlette\middleware\base.py", line 198, in __call__
    raise app_exc
  File "C:\Users\User\AppData\Local\Programs\Python\Python312\Lib\site-packages\starlette\middleware\base.py", line 144, in coro
    await self.app(scope, receive_or_disconnect, send_no_error)
  File "C:\Users\User\AppData\Local\Programs\Python\Python312\Lib\site-packages\starlette\middleware\base.py", line 198, in __call__
    raise app_exc
  File "C:\Users\User\AppData\Local\Programs\Python\Python312\Lib\site-packages\starlette\middleware\base.py", line 144, in coro
    await self.app(scope, receive_or_disconnect, send_no_error)
  File "C:\Users\User\AppData\Local\Programs\Python\Python312\Lib\site-packages\starlette\middleware\exceptions.py", line 63, in __call__
    await wrap_app_handling_exceptions(self.app, conn)(scope, receive, send)
  File "C:\Users\User\AppData\Local\Programs\Python\Python312\Lib\site-packages\starlette\_exception_handler.py", line 53, in wrapped_app
    raise exc
  File "C:\Users\User\AppData\Local\Programs\Python\Python312\Lib\site-packages\starlette\_exception_handler.py", line 42, in wrapped_app
    await app(scope, receive, sender)
  File "C:\Users\User\AppData\Local\Programs\Python\Python312\Lib\site-packages\fastapi\middleware\asyncexitstack.py", line 18, in __call__
    await self.app(scope, receive, send)
  File "C:\Users\User\AppData\Local\Programs\Python\Python312\Lib\site-packages\starlette\routing.py", line 716, in __call__
    await self.middleware_stack(scope, receive, send)
  File "C:\Users\User\AppData\Local\Programs\Python\Python312\Lib\site-packages\starlette\routing.py", line 736, in app
    await route.handle(scope, receive, send)
  File "C:\Users\User\AppData\Local\Programs\Python\Python312\Lib\site-packages\starlette\routing.py", line 462, in handle
    await self.app(scope, receive, send)
  File "C:\Users\User\AppData\Local\Programs\Python\Python312\Lib\site-packages\fastapi\applications.py", line 1160, in __call__
    await super().__call__(scope, receive, send)
  File "C:\Users\User\AppData\Local\Programs\Python\Python312\Lib\site-packages\starlette\applications.py", line 107, in __call__
    await self.middleware_stack(scope, receive, send)
  File "C:\Users\User\AppData\Local\Programs\Python\Python312\Lib\site-packages\starlette\middleware\errors.py", line 186, in __call__
    raise exc
  File "C:\Users\User\AppData\Local\Programs\Python\Python312\Lib\site-packages\starlette\middleware\errors.py", line 164, in __call__
    await self.app(scope, receive, _send)
  File "C:\Users\User\AppData\Local\Programs\Python\Python312\Lib\site-packages\starlette\middleware\exceptions.py", line 63, in __call__
    await wrap_app_handling_exceptions(self.app, conn)(scope, receive, send)
  File "C:\Users\User\AppData\Local\Programs\Python\Python312\Lib\site-packages\starlette\_exception_handler.py", line 53, in wrapped_app
    raise exc
  File "C:\Users\User\AppData\Local\Programs\Python\Python312\Lib\site-packages\starlette\_exception_handler.py", line 42, in wrapped_app
    await app(scope, receive, sender)
  File "C:\Users\User\AppData\Local\Programs\Python\Python312\Lib\site-packages\fastapi\middleware\asyncexitstack.py", line 18, in __call__
    await self.app(scope, receive, send)
  File "C:\Users\User\AppData\Local\Programs\Python\Python312\Lib\site-packages\starlette\routing.py", line 716, in __call__
    await self.middleware_stack(scope, receive, send)
  File "C:\Users\User\AppData\Local\Programs\Python\Python312\Lib\site-packages\starlette\routing.py", line 736, in app
    await route.handle(scope, receive, send)
  File "C:\Users\User\AppData\Local\Programs\Python\Python312\Lib\site-packages\starlette\routing.py", line 290, in handle
    await self.app(scope, receive, send)
  File "C:\Users\User\AppData\Local\Programs\Python\Python312\Lib\site-packages\fastapi\routing.py", line 130, in app
    await wrap_app_handling_exceptions(app, request)(scope, receive, send)
  File "C:\Users\User\AppData\Local\Programs\Python\Python312\Lib\site-packages\starlette\_exception_handler.py", line 53, in wrapped_app
    raise exc
  File "C:\Users\User\AppData\Local\Programs\Python\Python312\Lib\site-packages\starlette\_exception_handler.py", line 42, in wrapped_app
    await app(scope, receive, sender)
  File "C:\Users\User\AppData\Local\Programs\Python\Python312\Lib\site-packages\fastapi\routing.py", line 116, in app
    response = await f(request)
               ^^^^^^^^^^^^^^^^
  File "C:\Users\User\AppData\Local\Programs\Python\Python312\Lib\site-packages\fastapi\routing.py", line 670, in app
    raw_response = await run_endpoint_function(
                   ^^^^^^^^^^^^^^^^^^^^^^^^^^^^
  File "C:\Users\User\AppData\Local\Programs\Python\Python312\Lib\site-packages\fastapi\routing.py", line 326, in run_endpoint_function
    return await run_in_threadpool(dependant.call, **values)
           ^^^^^^^^^^^^^^^^^^^^^^^^^^^^^^^^^^^^^^^^^^^^^^^^^
  File "C:\Users\User\AppData\Local\Programs\Python\Python312\Lib\site-packages\starlette\concurrency.py", line 32, in run_in_threadpool
    return await anyio.to_thread.run_sync(func)
           ^^^^^^^^^^^^^^^^^^^^^^^^^^^^^^^^^^^^
  File "C:\Users\User\AppData\Local\Programs\Python\Python312\Lib\site-packages\anyio\to_thread.py", line 33, in run_sync
    return await get_asynclib().run_sync_in_worker_thread(
           ^^^^^^^^^^^^^^^^^^^^^^^^^^^^^^^^^^^^^^^^^^^^^^^
  File "C:\Users\User\AppData\Local\Programs\Python\Python312\Lib\site-packages\anyio\_backends\_asyncio.py", line 877, in run_sync_in_worker_thread
    return await future
           ^^^^^^^^^^^^
  File "C:\Users\User\AppData\Local\Programs\Python\Python312\Lib\site-packages\anyio\_backends\_asyncio.py", line 807, in run
    result = context.run(func, *args)
             ^^^^^^^^^^^^^^^^^^^^^^^^
  File "C:\VS_Code\MAGGxDND\backend\src\api\routers\login.py", line 160, in register_user
    existing_user = user_repo.get_by_username(db, username=request.username)
                    ^^^^^^^^^^^^^^^^^^^^^^^^^^^^^^^^^^^^^^^^^^^^^^^^^^^^^^^^
  File "C:\VS_Code\MAGGxDND\backend\src\repositories\user.py", line 12, in get_by_username
    return db.query(User).filter(User.username == username).first()
           ^^^^^^^^^^^^^^
  File "C:\Users\User\AppData\Local\Programs\Python\Python312\Lib\site-packages\sqlalchemy\orm\session.py", line 2941, in query
    return self._query_cls(entities, self, **kwargs)
           ^^^^^^^^^^^^^^^^^^^^^^^^^^^^^^^^^^^^^^^^^
  File "C:\Users\User\AppData\Local\Programs\Python\Python312\Lib\site-packages\sqlalchemy\orm\query.py", line 276, in __init__
    self._set_entities(entities)
  File "C:\Users\User\AppData\Local\Programs\Python\Python312\Lib\site-packages\sqlalchemy\orm\query.py", line 289, in _set_entities
    coercions.expect(
  File "C:\Users\User\AppData\Local\Programs\Python\Python312\Lib\site-packages\sqlalchemy\sql\coercions.py", line 389, in expect
    insp._post_inspect
  File "C:\Users\User\AppData\Local\Programs\Python\Python312\Lib\site-packages\sqlalchemy\util\langhelpers.py", line 1235, in __get__
    obj.__dict__[self.__name__] = result = self.fget(obj)
                                           ^^^^^^^^^^^^^^
  File "C:\Users\User\AppData\Local\Programs\Python\Python312\Lib\site-packages\sqlalchemy\orm\mapper.py", line 2733, in _post_inspect
    self._check_configure()
  File "C:\Users\User\AppData\Local\Programs\Python\Python312\Lib\site-packages\sqlalchemy\orm\mapper.py", line 2410, in _check_configure
    _configure_registries({self.registry}, cascade=True)
  File "C:\Users\User\AppData\Local\Programs\Python\Python312\Lib\site-packages\sqlalchemy\orm\mapper.py", line 4227, in _configure_registries
    _do_configure_registries(registries, cascade)
  File "C:\Users\User\AppData\Local\Programs\Python\Python312\Lib\site-packages\sqlalchemy\orm\mapper.py", line 4264, in _do_configure_registries
    raise e
sqlalchemy.exc.InvalidRequestError: One or more mappers failed to initialize - can't proceed with initialization of other mappers. Triggering mapper: 'Mapper[CompendiumCategory(compendium_categories)]'. Original exception was: CompendiumCategory.subcategories and back-reference CompendiumCategory.parent are both of the same direction <RelationshipDirection.MANYTOONE: 2>.  Did you mean to set remote_side on the many-to-one side ?
2026-03-13 10:36:35 - main - [31mERROR[0m - [main.global_exception_handler:83] - Unhandled exception: One or more mappers failed to initialize - can't proceed with initialization of other mappers. Triggering mapper: 'Mapper[CompendiumCategory(compendium_categories)]'. Original exception was: CompendiumCategory.subcategories and back-reference CompendiumCategory.parent are both of the same direction <RelationshipDirection.MANYTOONE: 2>.  Did you mean to set remote_side on the many-to-one side ?
Traceback (most recent call last):
  File "C:\Users\User\AppData\Local\Programs\Python\Python312\Lib\site-packages\starlette\middleware\errors.py", line 164, in __call__
    await self.app(scope, receive, _send)
  File "C:\Users\User\AppData\Local\Programs\Python\Python312\Lib\site-packages\starlette\middleware\cors.py", line 95, in __call__
    await self.simple_response(scope, receive, send, request_headers=headers)
  File "C:\Users\User\AppData\Local\Programs\Python\Python312\Lib\site-packages\starlette\middleware\cors.py", line 153, in simple_response
    await self.app(scope, receive, send)
  File "C:\Users\User\AppData\Local\Programs\Python\Python312\Lib\site-packages\starlette\middleware\base.py", line 198, in __call__
    raise app_exc
  File "C:\Users\User\AppData\Local\Programs\Python\Python312\Lib\site-packages\starlette\middleware\base.py", line 144, in coro
    await self.app(scope, receive_or_disconnect, send_no_error)
  File "C:\Users\User\AppData\Local\Programs\Python\Python312\Lib\site-packages\starlette\middleware\base.py", line 198, in __call__
    raise app_exc
  File "C:\Users\User\AppData\Local\Programs\Python\Python312\Lib\site-packages\starlette\middleware\base.py", line 144, in coro
    await self.app(scope, receive_or_disconnect, send_no_error)
  File "C:\Users\User\AppData\Local\Programs\Python\Python312\Lib\site-packages\starlette\middleware\exceptions.py", line 63, in __call__
    await wrap_app_handling_exceptions(self.app, conn)(scope, receive, send)
  File "C:\Users\User\AppData\Local\Programs\Python\Python312\Lib\site-packages\starlette\_exception_handler.py", line 53, in wrapped_app
    raise exc
  File "C:\Users\User\AppData\Local\Programs\Python\Python312\Lib\site-packages\starlette\_exception_handler.py", line 42, in wrapped_app
    await app(scope, receive, sender)
  File "C:\Users\User\AppData\Local\Programs\Python\Python312\Lib\site-packages\fastapi\middleware\asyncexitstack.py", line 18, in __call__
    await self.app(scope, receive, send)
  File "C:\Users\User\AppData\Local\Programs\Python\Python312\Lib\site-packages\starlette\routing.py", line 716, in __call__
    await self.middleware_stack(scope, receive, send)
  File "C:\Users\User\AppData\Local\Programs\Python\Python312\Lib\site-packages\starlette\routing.py", line 736, in app
    await route.handle(scope, receive, send)
  File "C:\Users\User\AppData\Local\Programs\Python\Python312\Lib\site-packages\starlette\routing.py", line 462, in handle
    await self.app(scope, receive, send)
  File "C:\Users\User\AppData\Local\Programs\Python\Python312\Lib\site-packages\fastapi\applications.py", line 1160, in __call__
    await super().__call__(scope, receive, send)
  File "C:\Users\User\AppData\Local\Programs\Python\Python312\Lib\site-packages\starlette\applications.py", line 107, in __call__
    await self.middleware_stack(scope, receive, send)
  File "C:\Users\User\AppData\Local\Programs\Python\Python312\Lib\site-packages\starlette\middleware\errors.py", line 186, in __call__
    raise exc
  File "C:\Users\User\AppData\Local\Programs\Python\Python312\Lib\site-packages\starlette\middleware\errors.py", line 164, in __call__
    await self.app(scope, receive, _send)
  File "C:\Users\User\AppData\Local\Programs\Python\Python312\Lib\site-packages\starlette\middleware\exceptions.py", line 63, in __call__
    await wrap_app_handling_exceptions(self.app, conn)(scope, receive, send)
  File "C:\Users\User\AppData\Local\Programs\Python\Python312\Lib\site-packages\starlette\_exception_handler.py", line 53, in wrapped_app
    raise exc
  File "C:\Users\User\AppData\Local\Programs\Python\Python312\Lib\site-packages\starlette\_exception_handler.py", line 42, in wrapped_app
    await app(scope, receive, sender)
  File "C:\Users\User\AppData\Local\Programs\Python\Python312\Lib\site-packages\fastapi\middleware\asyncexitstack.py", line 18, in __call__
    await self.app(scope, receive, send)
  File "C:\Users\User\AppData\Local\Programs\Python\Python312\Lib\site-packages\starlette\routing.py", line 716, in __call__
    await self.middleware_stack(scope, receive, send)
  File "C:\Users\User\AppData\Local\Programs\Python\Python312\Lib\site-packages\starlette\routing.py", line 736, in app
    await route.handle(scope, receive, send)
  File "C:\Users\User\AppData\Local\Programs\Python\Python312\Lib\site-packages\starlette\routing.py", line 290, in handle
    await self.app(scope, receive, send)
  File "C:\Users\User\AppData\Local\Programs\Python\Python312\Lib\site-packages\fastapi\routing.py", line 130, in app
    await wrap_app_handling_exceptions(app, request)(scope, receive, send)
  File "C:\Users\User\AppData\Local\Programs\Python\Python312\Lib\site-packages\starlette\_exception_handler.py", line 53, in wrapped_app
    raise exc
  File "C:\Users\User\AppData\Local\Programs\Python\Python312\Lib\site-packages\starlette\_exception_handler.py", line 42, in wrapped_app
    await app(scope, receive, sender)
  File "C:\Users\User\AppData\Local\Programs\Python\Python312\Lib\site-packages\fastapi\routing.py", line 116, in app
    response = await f(request)
               ^^^^^^^^^^^^^^^^
  File "C:\Users\User\AppData\Local\Programs\Python\Python312\Lib\site-packages\fastapi\routing.py", line 670, in app
    raw_response = await run_endpoint_function(
                   ^^^^^^^^^^^^^^^^^^^^^^^^^^^^
  File "C:\Users\User\AppData\Local\Programs\Python\Python312\Lib\site-packages\fastapi\routing.py", line 326, in run_endpoint_function
    return await run_in_threadpool(dependant.call, **values)
           ^^^^^^^^^^^^^^^^^^^^^^^^^^^^^^^^^^^^^^^^^^^^^^^^^
  File "C:\Users\User\AppData\Local\Programs\Python\Python312\Lib\site-packages\starlette\concurrency.py", line 32, in run_in_threadpool
    return await anyio.to_thread.run_sync(func)
           ^^^^^^^^^^^^^^^^^^^^^^^^^^^^^^^^^^^^
  File "C:\Users\User\AppData\Local\Programs\Python\Python312\Lib\site-packages\anyio\to_thread.py", line 33, in run_sync
    return await get_asynclib().run_sync_in_worker_thread(
           ^^^^^^^^^^^^^^^^^^^^^^^^^^^^^^^^^^^^^^^^^^^^^^^
  File "C:\Users\User\AppData\Local\Programs\Python\Python312\Lib\site-packages\anyio\_backends\_asyncio.py", line 877, in run_sync_in_worker_thread
    return await future
           ^^^^^^^^^^^^
  File "C:\Users\User\AppData\Local\Programs\Python\Python312\Lib\site-packages\anyio\_backends\_asyncio.py", line 807, in run
    result = context.run(func, *args)
             ^^^^^^^^^^^^^^^^^^^^^^^^
  File "C:\VS_Code\MAGGxDND\backend\src\api\routers\login.py", line 160, in register_user
    existing_user = user_repo.get_by_username(db, username=request.username)
                    ^^^^^^^^^^^^^^^^^^^^^^^^^^^^^^^^^^^^^^^^^^^^^^^^^^^^^^^^
  File "C:\VS_Code\MAGGxDND\backend\src\repositories\user.py", line 12, in get_by_username
    return db.query(User).filter(User.username == username).first()
           ^^^^^^^^^^^^^^
  File "C:\Users\User\AppData\Local\Programs\Python\Python312\Lib\site-packages\sqlalchemy\orm\session.py", line 2941, in query
    return self._query_cls(entities, self, **kwargs)
           ^^^^^^^^^^^^^^^^^^^^^^^^^^^^^^^^^^^^^^^^^
  File "C:\Users\User\AppData\Local\Programs\Python\Python312\Lib\site-packages\sqlalchemy\orm\query.py", line 276, in __init__
    self._set_entities(entities)
  File "C:\Users\User\AppData\Local\Programs\Python\Python312\Lib\site-packages\sqlalchemy\orm\query.py", line 289, in _set_entities
    coercions.expect(
  File "C:\Users\User\AppData\Local\Programs\Python\Python312\Lib\site-packages\sqlalchemy\sql\coercions.py", line 389, in expect
    insp._post_inspect
  File "C:\Users\User\AppData\Local\Programs\Python\Python312\Lib\site-packages\sqlalchemy\util\langhelpers.py", line 1235, in __get__
    obj.__dict__[self.__name__] = result = self.fget(obj)
                                           ^^^^^^^^^^^^^^
  File "C:\Users\User\AppData\Local\Programs\Python\Python312\Lib\site-packages\sqlalchemy\orm\mapper.py", line 2733, in _post_inspect
    self._check_configure()
  File "C:\Users\User\AppData\Local\Programs\Python\Python312\Lib\site-packages\sqlalchemy\orm\mapper.py", line 2410, in _check_configure
    _configure_registries({self.registry}, cascade=True)
  File "C:\Users\User\AppData\Local\Programs\Python\Python312\Lib\site-packages\sqlalchemy\orm\mapper.py", line 4227, in _configure_registries
    _do_configure_registries(registries, cascade)
  File "C:\Users\User\AppData\Local\Programs\Python\Python312\Lib\site-packages\sqlalchemy\orm\mapper.py", line 4264, in _do_configure_registries
    raise e
sqlalchemy.exc.InvalidRequestError: One or more mappers failed to initialize - can't proceed with initialization of other mappers. Triggering mapper: 'Mapper[CompendiumCategory(compendium_categories)]'. Original exception was: CompendiumCategory.subcategories and back-reference CompendiumCategory.parent are both of the same direction <RelationshipDirection.MANYTOONE: 2>.  Did you mean to set remote_side on the many-to-one side ?
2026-03-13 10:37:32 - main - [31mERROR[0m - [main.global_exception_handler:83] - Unhandled exception: One or more mappers failed to initialize - can't proceed with initialization of other mappers. Triggering mapper: 'Mapper[CompendiumCategory(compendium_categories)]'. Original exception was: CompendiumCategory.subcategories and back-reference CompendiumCategory.parent are both of the same direction <RelationshipDirection.MANYTOONE: 2>.  Did you mean to set remote_side on the many-to-one side ?
Traceback (most recent call last):
  File "C:\Users\User\AppData\Local\Programs\Python\Python312\Lib\site-packages\starlette\middleware\errors.py", line 164, in __call__
    await self.app(scope, receive, _send)
  File "C:\Users\User\AppData\Local\Programs\Python\Python312\Lib\site-packages\starlette\middleware\cors.py", line 95, in __call__
    await self.simple_response(scope, receive, send, request_headers=headers)
  File "C:\Users\User\AppData\Local\Programs\Python\Python312\Lib\site-packages\starlette\middleware\cors.py", line 153, in simple_response
    await self.app(scope, receive, send)
  File "C:\Users\User\AppData\Local\Programs\Python\Python312\Lib\site-packages\starlette\middleware\base.py", line 198, in __call__
    raise app_exc
  File "C:\Users\User\AppData\Local\Programs\Python\Python312\Lib\site-packages\starlette\middleware\base.py", line 144, in coro
    await self.app(scope, receive_or_disconnect, send_no_error)
  File "C:\Users\User\AppData\Local\Programs\Python\Python312\Lib\site-packages\starlette\middleware\base.py", line 198, in __call__
    raise app_exc
  File "C:\Users\User\AppData\Local\Programs\Python\Python312\Lib\site-packages\starlette\middleware\base.py", line 144, in coro
    await self.app(scope, receive_or_disconnect, send_no_error)
  File "C:\Users\User\AppData\Local\Programs\Python\Python312\Lib\site-packages\starlette\middleware\exceptions.py", line 63, in __call__
    await wrap_app_handling_exceptions(self.app, conn)(scope, receive, send)
  File "C:\Users\User\AppData\Local\Programs\Python\Python312\Lib\site-packages\starlette\_exception_handler.py", line 53, in wrapped_app
    raise exc
  File "C:\Users\User\AppData\Local\Programs\Python\Python312\Lib\site-packages\starlette\_exception_handler.py", line 42, in wrapped_app
    await app(scope, receive, sender)
  File "C:\Users\User\AppData\Local\Programs\Python\Python312\Lib\site-packages\fastapi\middleware\asyncexitstack.py", line 18, in __call__
    await self.app(scope, receive, send)
  File "C:\Users\User\AppData\Local\Programs\Python\Python312\Lib\site-packages\starlette\routing.py", line 716, in __call__
    await self.middleware_stack(scope, receive, send)
  File "C:\Users\User\AppData\Local\Programs\Python\Python312\Lib\site-packages\starlette\routing.py", line 736, in app
    await route.handle(scope, receive, send)
  File "C:\Users\User\AppData\Local\Programs\Python\Python312\Lib\site-packages\starlette\routing.py", line 462, in handle
    await self.app(scope, receive, send)
  File "C:\Users\User\AppData\Local\Programs\Python\Python312\Lib\site-packages\fastapi\applications.py", line 1160, in __call__
    await super().__call__(scope, receive, send)
  File "C:\Users\User\AppData\Local\Programs\Python\Python312\Lib\site-packages\starlette\applications.py", line 107, in __call__
    await self.middleware_stack(scope, receive, send)
  File "C:\Users\User\AppData\Local\Programs\Python\Python312\Lib\site-packages\starlette\middleware\errors.py", line 186, in __call__
    raise exc
  File "C:\Users\User\AppData\Local\Programs\Python\Python312\Lib\site-packages\starlette\middleware\errors.py", line 164, in __call__
    await self.app(scope, receive, _send)
  File "C:\Users\User\AppData\Local\Programs\Python\Python312\Lib\site-packages\starlette\middleware\exceptions.py", line 63, in __call__
    await wrap_app_handling_exceptions(self.app, conn)(scope, receive, send)
  File "C:\Users\User\AppData\Local\Programs\Python\Python312\Lib\site-packages\starlette\_exception_handler.py", line 53, in wrapped_app
    raise exc
  File "C:\Users\User\AppData\Local\Programs\Python\Python312\Lib\site-packages\starlette\_exception_handler.py", line 42, in wrapped_app
    await app(scope, receive, sender)
  File "C:\Users\User\AppData\Local\Programs\Python\Python312\Lib\site-packages\fastapi\middleware\asyncexitstack.py", line 18, in __call__
    await self.app(scope, receive, send)
  File "C:\Users\User\AppData\Local\Programs\Python\Python312\Lib\site-packages\starlette\routing.py", line 716, in __call__
    await self.middleware_stack(scope, receive, send)
  File "C:\Users\User\AppData\Local\Programs\Python\Python312\Lib\site-packages\starlette\routing.py", line 736, in app
    await route.handle(scope, receive, send)
  File "C:\Users\User\AppData\Local\Programs\Python\Python312\Lib\site-packages\starlette\routing.py", line 290, in handle
    await self.app(scope, receive, send)
  File "C:\Users\User\AppData\Local\Programs\Python\Python312\Lib\site-packages\fastapi\routing.py", line 130, in app
    await wrap_app_handling_exceptions(app, request)(scope, receive, send)
  File "C:\Users\User\AppData\Local\Programs\Python\Python312\Lib\site-packages\starlette\_exception_handler.py", line 53, in wrapped_app
    raise exc
  File "C:\Users\User\AppData\Local\Programs\Python\Python312\Lib\site-packages\starlette\_exception_handler.py", line 42, in wrapped_app
    await app(scope, receive, sender)
  File "C:\Users\User\AppData\Local\Programs\Python\Python312\Lib\site-packages\fastapi\routing.py", line 116, in app
    response = await f(request)
               ^^^^^^^^^^^^^^^^
  File "C:\Users\User\AppData\Local\Programs\Python\Python312\Lib\site-packages\fastapi\routing.py", line 670, in app
    raw_response = await run_endpoint_function(
                   ^^^^^^^^^^^^^^^^^^^^^^^^^^^^
  File "C:\Users\User\AppData\Local\Programs\Python\Python312\Lib\site-packages\fastapi\routing.py", line 326, in run_endpoint_function
    return await run_in_threadpool(dependant.call, **values)
           ^^^^^^^^^^^^^^^^^^^^^^^^^^^^^^^^^^^^^^^^^^^^^^^^^
  File "C:\Users\User\AppData\Local\Programs\Python\Python312\Lib\site-packages\starlette\concurrency.py", line 32, in run_in_threadpool
    return await anyio.to_thread.run_sync(func)
           ^^^^^^^^^^^^^^^^^^^^^^^^^^^^^^^^^^^^
  File "C:\Users\User\AppData\Local\Programs\Python\Python312\Lib\site-packages\anyio\to_thread.py", line 33, in run_sync
    return await get_asynclib().run_sync_in_worker_thread(
           ^^^^^^^^^^^^^^^^^^^^^^^^^^^^^^^^^^^^^^^^^^^^^^^
  File "C:\Users\User\AppData\Local\Programs\Python\Python312\Lib\site-packages\anyio\_backends\_asyncio.py", line 877, in run_sync_in_worker_thread
    return await future
           ^^^^^^^^^^^^
  File "C:\Users\User\AppData\Local\Programs\Python\Python312\Lib\site-packages\anyio\_backends\_asyncio.py", line 807, in run
    result = context.run(func, *args)
             ^^^^^^^^^^^^^^^^^^^^^^^^
  File "C:\VS_Code\MAGGxDND\backend\src\api\routers\login.py", line 160, in register_user
    existing_user = user_repo.get_by_username(db, username=request.username)
                    ^^^^^^^^^^^^^^^^^^^^^^^^^^^^^^^^^^^^^^^^^^^^^^^^^^^^^^^^
  File "C:\VS_Code\MAGGxDND\backend\src\repositories\user.py", line 12, in get_by_username
    return db.query(User).filter(User.username == username).first()
           ^^^^^^^^^^^^^^
  File "C:\Users\User\AppData\Local\Programs\Python\Python312\Lib\site-packages\sqlalchemy\orm\session.py", line 2941, in query
    return self._query_cls(entities, self, **kwargs)
           ^^^^^^^^^^^^^^^^^^^^^^^^^^^^^^^^^^^^^^^^^
  File "C:\Users\User\AppData\Local\Programs\Python\Python312\Lib\site-packages\sqlalchemy\orm\query.py", line 276, in __init__
    self._set_entities(entities)
  File "C:\Users\User\AppData\Local\Programs\Python\Python312\Lib\site-packages\sqlalchemy\orm\query.py", line 289, in _set_entities
    coercions.expect(
  File "C:\Users\User\AppData\Local\Programs\Python\Python312\Lib\site-packages\sqlalchemy\sql\coercions.py", line 389, in expect
    insp._post_inspect
  File "C:\Users\User\AppData\Local\Programs\Python\Python312\Lib\site-packages\sqlalchemy\util\langhelpers.py", line 1235, in __get__
    obj.__dict__[self.__name__] = result = self.fget(obj)
                                           ^^^^^^^^^^^^^^
  File "C:\Users\User\AppData\Local\Programs\Python\Python312\Lib\site-packages\sqlalchemy\orm\mapper.py", line 2733, in _post_inspect
    self._check_configure()
  File "C:\Users\User\AppData\Local\Programs\Python\Python312\Lib\site-packages\sqlalchemy\orm\mapper.py", line 2410, in _check_configure
    _configure_registries({self.registry}, cascade=True)
  File "C:\Users\User\AppData\Local\Programs\Python\Python312\Lib\site-packages\sqlalchemy\orm\mapper.py", line 4227, in _configure_registries
    _do_configure_registries(registries, cascade)
  File "C:\Users\User\AppData\Local\Programs\Python\Python312\Lib\site-packages\sqlalchemy\orm\mapper.py", line 4264, in _do_configure_registries
    raise e
sqlalchemy.exc.InvalidRequestError: One or more mappers failed to initialize - can't proceed with initialization of other mappers. Triggering mapper: 'Mapper[CompendiumCategory(compendium_categories)]'. Original exception was: CompendiumCategory.subcategories and back-reference CompendiumCategory.parent are both of the same direction <RelationshipDirection.MANYTOONE: 2>.  Did you mean to set remote_side on the many-to-one side ?
2026-03-13 10:38:41 - main - [31mERROR[0m - [main.global_exception_handler:83] - Unhandled exception: One or more mappers failed to initialize - can't proceed with initialization of other mappers. Triggering mapper: 'Mapper[CompendiumCategory(compendium_categories)]'. Original exception was: CompendiumCategory.subcategories and back-reference CompendiumCategory.parent are both of the same direction <RelationshipDirection.MANYTOONE: 2>.  Did you mean to set remote_side on the many-to-one side ?
Traceback (most recent call last):
  File "C:\Users\User\AppData\Local\Programs\Python\Python312\Lib\site-packages\starlette\middleware\errors.py", line 164, in __call__
    await self.app(scope, receive, _send)
  File "C:\Users\User\AppData\Local\Programs\Python\Python312\Lib\site-packages\starlette\middleware\cors.py", line 87, in __call__
    await self.app(scope, receive, send)
  File "C:\Users\User\AppData\Local\Programs\Python\Python312\Lib\site-packages\starlette\middleware\base.py", line 198, in __call__
    raise app_exc
  File "C:\Users\User\AppData\Local\Programs\Python\Python312\Lib\site-packages\starlette\middleware\base.py", line 144, in coro
    await self.app(scope, receive_or_disconnect, send_no_error)
  File "C:\Users\User\AppData\Local\Programs\Python\Python312\Lib\site-packages\starlette\middleware\base.py", line 198, in __call__
    raise app_exc
  File "C:\Users\User\AppData\Local\Programs\Python\Python312\Lib\site-packages\starlette\middleware\base.py", line 144, in coro
    await self.app(scope, receive_or_disconnect, send_no_error)
  File "C:\Users\User\AppData\Local\Programs\Python\Python312\Lib\site-packages\starlette\middleware\exceptions.py", line 63, in __call__
    await wrap_app_handling_exceptions(self.app, conn)(scope, receive, send)
  File "C:\Users\User\AppData\Local\Programs\Python\Python312\Lib\site-packages\starlette\_exception_handler.py", line 53, in wrapped_app
    raise exc
  File "C:\Users\User\AppData\Local\Programs\Python\Python312\Lib\site-packages\starlette\_exception_handler.py", line 42, in wrapped_app
    await app(scope, receive, sender)
  File "C:\Users\User\AppData\Local\Programs\Python\Python312\Lib\site-packages\fastapi\middleware\asyncexitstack.py", line 18, in __call__
    await self.app(scope, receive, send)
  File "C:\Users\User\AppData\Local\Programs\Python\Python312\Lib\site-packages\starlette\routing.py", line 716, in __call__
    await self.middleware_stack(scope, receive, send)
  File "C:\Users\User\AppData\Local\Programs\Python\Python312\Lib\site-packages\starlette\routing.py", line 736, in app
    await route.handle(scope, receive, send)
  File "C:\Users\User\AppData\Local\Programs\Python\Python312\Lib\site-packages\starlette\routing.py", line 462, in handle
    await self.app(scope, receive, send)
  File "C:\Users\User\AppData\Local\Programs\Python\Python312\Lib\site-packages\fastapi\applications.py", line 1160, in __call__
    await super().__call__(scope, receive, send)
  File "C:\Users\User\AppData\Local\Programs\Python\Python312\Lib\site-packages\starlette\applications.py", line 107, in __call__
    await self.middleware_stack(scope, receive, send)
  File "C:\Users\User\AppData\Local\Programs\Python\Python312\Lib\site-packages\starlette\middleware\errors.py", line 186, in __call__
    raise exc
  File "C:\Users\User\AppData\Local\Programs\Python\Python312\Lib\site-packages\starlette\middleware\errors.py", line 164, in __call__
    await self.app(scope, receive, _send)
  File "C:\Users\User\AppData\Local\Programs\Python\Python312\Lib\site-packages\starlette\middleware\exceptions.py", line 63, in __call__
    await wrap_app_handling_exceptions(self.app, conn)(scope, receive, send)
  File "C:\Users\User\AppData\Local\Programs\Python\Python312\Lib\site-packages\starlette\_exception_handler.py", line 53, in wrapped_app
    raise exc
  File "C:\Users\User\AppData\Local\Programs\Python\Python312\Lib\site-packages\starlette\_exception_handler.py", line 42, in wrapped_app
    await app(scope, receive, sender)
  File "C:\Users\User\AppData\Local\Programs\Python\Python312\Lib\site-packages\fastapi\middleware\asyncexitstack.py", line 18, in __call__
    await self.app(scope, receive, send)
  File "C:\Users\User\AppData\Local\Programs\Python\Python312\Lib\site-packages\starlette\routing.py", line 716, in __call__
    await self.middleware_stack(scope, receive, send)
  File "C:\Users\User\AppData\Local\Programs\Python\Python312\Lib\site-packages\starlette\routing.py", line 736, in app
    await route.handle(scope, receive, send)
  File "C:\Users\User\AppData\Local\Programs\Python\Python312\Lib\site-packages\starlette\routing.py", line 290, in handle
    await self.app(scope, receive, send)
  File "C:\Users\User\AppData\Local\Programs\Python\Python312\Lib\site-packages\fastapi\routing.py", line 130, in app
    await wrap_app_handling_exceptions(app, request)(scope, receive, send)
  File "C:\Users\User\AppData\Local\Programs\Python\Python312\Lib\site-packages\starlette\_exception_handler.py", line 53, in wrapped_app
    raise exc
  File "C:\Users\User\AppData\Local\Programs\Python\Python312\Lib\site-packages\starlette\_exception_handler.py", line 42, in wrapped_app
    await app(scope, receive, sender)
  File "C:\Users\User\AppData\Local\Programs\Python\Python312\Lib\site-packages\fastapi\routing.py", line 116, in app
    response = await f(request)
               ^^^^^^^^^^^^^^^^
  File "C:\Users\User\AppData\Local\Programs\Python\Python312\Lib\site-packages\fastapi\routing.py", line 670, in app
    raw_response = await run_endpoint_function(
                   ^^^^^^^^^^^^^^^^^^^^^^^^^^^^
  File "C:\Users\User\AppData\Local\Programs\Python\Python312\Lib\site-packages\fastapi\routing.py", line 326, in run_endpoint_function
    return await run_in_threadpool(dependant.call, **values)
           ^^^^^^^^^^^^^^^^^^^^^^^^^^^^^^^^^^^^^^^^^^^^^^^^^
  File "C:\Users\User\AppData\Local\Programs\Python\Python312\Lib\site-packages\starlette\concurrency.py", line 32, in run_in_threadpool
    return await anyio.to_thread.run_sync(func)
           ^^^^^^^^^^^^^^^^^^^^^^^^^^^^^^^^^^^^
  File "C:\Users\User\AppData\Local\Programs\Python\Python312\Lib\site-packages\anyio\to_thread.py", line 33, in run_sync
    return await get_asynclib().run_sync_in_worker_thread(
           ^^^^^^^^^^^^^^^^^^^^^^^^^^^^^^^^^^^^^^^^^^^^^^^
  File "C:\Users\User\AppData\Local\Programs\Python\Python312\Lib\site-packages\anyio\_backends\_asyncio.py", line 877, in run_sync_in_worker_thread
    return await future
           ^^^^^^^^^^^^
  File "C:\Users\User\AppData\Local\Programs\Python\Python312\Lib\site-packages\anyio\_backends\_asyncio.py", line 807, in run
    result = context.run(func, *args)
             ^^^^^^^^^^^^^^^^^^^^^^^^
  File "C:\VS_Code\MAGGxDND\backend\src\api\routers\character.py", line 39, in get_user_characters
    return character_service.get_characters_by_user(db, user_id, skip=skip, limit=limit)
           ^^^^^^^^^^^^^^^^^^^^^^^^^^^^^^^^^^^^^^^^^^^^^^^^^^^^^^^^^^^^^^^^^^^^^^^^^^^^^
  File "C:\VS_Code\MAGGxDND\backend\src\services\character_service.py", line 48, in get_characters_by_user
    return db.query(CharacterModel).filter(CharacterModel.user_id == user_id).offset(skip).limit(limit).all()
           ^^^^^^^^^^^^^^^^^^^^^^^^
  File "C:\Users\User\AppData\Local\Programs\Python\Python312\Lib\site-packages\sqlalchemy\orm\session.py", line 2941, in query
    return self._query_cls(entities, self, **kwargs)
           ^^^^^^^^^^^^^^^^^^^^^^^^^^^^^^^^^^^^^^^^^
  File "C:\Users\User\AppData\Local\Programs\Python\Python312\Lib\site-packages\sqlalchemy\orm\query.py", line 276, in __init__
    self._set_entities(entities)
  File "C:\Users\User\AppData\Local\Programs\Python\Python312\Lib\site-packages\sqlalchemy\orm\query.py", line 289, in _set_entities
    coercions.expect(
  File "C:\Users\User\AppData\Local\Programs\Python\Python312\Lib\site-packages\sqlalchemy\sql\coercions.py", line 389, in expect
    insp._post_inspect
  File "C:\Users\User\AppData\Local\Programs\Python\Python312\Lib\site-packages\sqlalchemy\util\langhelpers.py", line 1235, in __get__
    obj.__dict__[self.__name__] = result = self.fget(obj)
                                           ^^^^^^^^^^^^^^
  File "C:\Users\User\AppData\Local\Programs\Python\Python312\Lib\site-packages\sqlalchemy\orm\mapper.py", line 2733, in _post_inspect
    self._check_configure()
  File "C:\Users\User\AppData\Local\Programs\Python\Python312\Lib\site-packages\sqlalchemy\orm\mapper.py", line 2410, in _check_configure
    _configure_registries({self.registry}, cascade=True)
  File "C:\Users\User\AppData\Local\Programs\Python\Python312\Lib\site-packages\sqlalchemy\orm\mapper.py", line 4227, in _configure_registries
    _do_configure_registries(registries, cascade)
  File "C:\Users\User\AppData\Local\Programs\Python\Python312\Lib\site-packages\sqlalchemy\orm\mapper.py", line 4264, in _do_configure_registries
    raise e
sqlalchemy.exc.InvalidRequestError: One or more mappers failed to initialize - can't proceed with initialization of other mappers. Triggering mapper: 'Mapper[CompendiumCategory(compendium_categories)]'. Original exception was: CompendiumCategory.subcategories and back-reference CompendiumCategory.parent are both of the same direction <RelationshipDirection.MANYTOONE: 2>.  Did you mean to set remote_side on the many-to-one side ?
2026-03-13 10:41:53 - main - [31mERROR[0m - [main.global_exception_handler:83] - Unhandled exception: CompendiumCategory.subcategories and back-reference CompendiumCategory.parent are both of the same direction <RelationshipDirection.MANYTOONE: 2>.  Did you mean to set remote_side on the many-to-one side ?
Traceback (most recent call last):
  File "C:\Users\User\AppData\Local\Programs\Python\Python312\Lib\site-packages\starlette\middleware\errors.py", line 164, in __call__
    await self.app(scope, receive, _send)
  File "C:\Users\User\AppData\Local\Programs\Python\Python312\Lib\site-packages\starlette\middleware\cors.py", line 87, in __call__
    await self.app(scope, receive, send)
  File "C:\Users\User\AppData\Local\Programs\Python\Python312\Lib\site-packages\starlette\middleware\base.py", line 198, in __call__
    raise app_exc
  File "C:\Users\User\AppData\Local\Programs\Python\Python312\Lib\site-packages\starlette\middleware\base.py", line 144, in coro
    await self.app(scope, receive_or_disconnect, send_no_error)
  File "C:\Users\User\AppData\Local\Programs\Python\Python312\Lib\site-packages\starlette\middleware\base.py", line 198, in __call__
    raise app_exc
  File "C:\Users\User\AppData\Local\Programs\Python\Python312\Lib\site-packages\starlette\middleware\base.py", line 144, in coro
    await self.app(scope, receive_or_disconnect, send_no_error)
  File "C:\Users\User\AppData\Local\Programs\Python\Python312\Lib\site-packages\starlette\middleware\exceptions.py", line 63, in __call__
    await wrap_app_handling_exceptions(self.app, conn)(scope, receive, send)
  File "C:\Users\User\AppData\Local\Programs\Python\Python312\Lib\site-packages\starlette\_exception_handler.py", line 53, in wrapped_app
    raise exc
  File "C:\Users\User\AppData\Local\Programs\Python\Python312\Lib\site-packages\starlette\_exception_handler.py", line 42, in wrapped_app
    await app(scope, receive, sender)
  File "C:\Users\User\AppData\Local\Programs\Python\Python312\Lib\site-packages\fastapi\middleware\asyncexitstack.py", line 18, in __call__
    await self.app(scope, receive, send)
  File "C:\Users\User\AppData\Local\Programs\Python\Python312\Lib\site-packages\starlette\routing.py", line 716, in __call__
    await self.middleware_stack(scope, receive, send)
  File "C:\Users\User\AppData\Local\Programs\Python\Python312\Lib\site-packages\starlette\routing.py", line 736, in app
    await route.handle(scope, receive, send)
  File "C:\Users\User\AppData\Local\Programs\Python\Python312\Lib\site-packages\starlette\routing.py", line 462, in handle
    await self.app(scope, receive, send)
  File "C:\Users\User\AppData\Local\Programs\Python\Python312\Lib\site-packages\fastapi\applications.py", line 1160, in __call__
    await super().__call__(scope, receive, send)
  File "C:\Users\User\AppData\Local\Programs\Python\Python312\Lib\site-packages\starlette\applications.py", line 107, in __call__
    await self.middleware_stack(scope, receive, send)
  File "C:\Users\User\AppData\Local\Programs\Python\Python312\Lib\site-packages\starlette\middleware\errors.py", line 186, in __call__
    raise exc
  File "C:\Users\User\AppData\Local\Programs\Python\Python312\Lib\site-packages\starlette\middleware\errors.py", line 164, in __call__
    await self.app(scope, receive, _send)
  File "C:\Users\User\AppData\Local\Programs\Python\Python312\Lib\site-packages\starlette\middleware\exceptions.py", line 63, in __call__
    await wrap_app_handling_exceptions(self.app, conn)(scope, receive, send)
  File "C:\Users\User\AppData\Local\Programs\Python\Python312\Lib\site-packages\starlette\_exception_handler.py", line 53, in wrapped_app
    raise exc
  File "C:\Users\User\AppData\Local\Programs\Python\Python312\Lib\site-packages\starlette\_exception_handler.py", line 42, in wrapped_app
    await app(scope, receive, sender)
  File "C:\Users\User\AppData\Local\Programs\Python\Python312\Lib\site-packages\fastapi\middleware\asyncexitstack.py", line 18, in __call__
    await self.app(scope, receive, send)
  File "C:\Users\User\AppData\Local\Programs\Python\Python312\Lib\site-packages\starlette\routing.py", line 716, in __call__
    await self.middleware_stack(scope, receive, send)
  File "C:\Users\User\AppData\Local\Programs\Python\Python312\Lib\site-packages\starlette\routing.py", line 736, in app
    await route.handle(scope, receive, send)
  File "C:\Users\User\AppData\Local\Programs\Python\Python312\Lib\site-packages\starlette\routing.py", line 290, in handle
    await self.app(scope, receive, send)
  File "C:\Users\User\AppData\Local\Programs\Python\Python312\Lib\site-packages\fastapi\routing.py", line 130, in app
    await wrap_app_handling_exceptions(app, request)(scope, receive, send)
  File "C:\Users\User\AppData\Local\Programs\Python\Python312\Lib\site-packages\starlette\_exception_handler.py", line 53, in wrapped_app
    raise exc
  File "C:\Users\User\AppData\Local\Programs\Python\Python312\Lib\site-packages\starlette\_exception_handler.py", line 42, in wrapped_app
    await app(scope, receive, sender)
  File "C:\Users\User\AppData\Local\Programs\Python\Python312\Lib\site-packages\fastapi\routing.py", line 116, in app
    response = await f(request)
               ^^^^^^^^^^^^^^^^
  File "C:\Users\User\AppData\Local\Programs\Python\Python312\Lib\site-packages\fastapi\routing.py", line 670, in app
    raw_response = await run_endpoint_function(
                   ^^^^^^^^^^^^^^^^^^^^^^^^^^^^
  File "C:\Users\User\AppData\Local\Programs\Python\Python312\Lib\site-packages\fastapi\routing.py", line 326, in run_endpoint_function
    return await run_in_threadpool(dependant.call, **values)
           ^^^^^^^^^^^^^^^^^^^^^^^^^^^^^^^^^^^^^^^^^^^^^^^^^
  File "C:\Users\User\AppData\Local\Programs\Python\Python312\Lib\site-packages\starlette\concurrency.py", line 32, in run_in_threadpool
    return await anyio.to_thread.run_sync(func)
           ^^^^^^^^^^^^^^^^^^^^^^^^^^^^^^^^^^^^
  File "C:\Users\User\AppData\Local\Programs\Python\Python312\Lib\site-packages\anyio\to_thread.py", line 33, in run_sync
    return await get_asynclib().run_sync_in_worker_thread(
           ^^^^^^^^^^^^^^^^^^^^^^^^^^^^^^^^^^^^^^^^^^^^^^^
  File "C:\Users\User\AppData\Local\Programs\Python\Python312\Lib\site-packages\anyio\_backends\_asyncio.py", line 877, in run_sync_in_worker_thread
    return await future
           ^^^^^^^^^^^^
  File "C:\Users\User\AppData\Local\Programs\Python\Python312\Lib\site-packages\anyio\_backends\_asyncio.py", line 807, in run
    result = context.run(func, *args)
             ^^^^^^^^^^^^^^^^^^^^^^^^
  File "C:\VS_Code\MAGGxDND\backend\src\api\routers\login.py", line 160, in register_user
    existing_user = user_repo.get_by_username(db, username=request.username)
                    ^^^^^^^^^^^^^^^^^^^^^^^^^^^^^^^^^^^^^^^^^^^^^^^^^^^^^^^^
  File "C:\VS_Code\MAGGxDND\backend\src\repositories\user.py", line 12, in get_by_username
    return db.query(User).filter(User.username == username).first()
           ^^^^^^^^^^^^^^
  File "C:\Users\User\AppData\Local\Programs\Python\Python312\Lib\site-packages\sqlalchemy\orm\session.py", line 2941, in query
    return self._query_cls(entities, self, **kwargs)
           ^^^^^^^^^^^^^^^^^^^^^^^^^^^^^^^^^^^^^^^^^
  File "C:\Users\User\AppData\Local\Programs\Python\Python312\Lib\site-packages\sqlalchemy\orm\query.py", line 276, in __init__
    self._set_entities(entities)
  File "C:\Users\User\AppData\Local\Programs\Python\Python312\Lib\site-packages\sqlalchemy\orm\query.py", line 289, in _set_entities
    coercions.expect(
  File "C:\Users\User\AppData\Local\Programs\Python\Python312\Lib\site-packages\sqlalchemy\sql\coercions.py", line 389, in expect
    insp._post_inspect
  File "C:\Users\User\AppData\Local\Programs\Python\Python312\Lib\site-packages\sqlalchemy\util\langhelpers.py", line 1235, in __get__
    obj.__dict__[self.__name__] = result = self.fget(obj)
                                           ^^^^^^^^^^^^^^
  File "C:\Users\User\AppData\Local\Programs\Python\Python312\Lib\site-packages\sqlalchemy\orm\mapper.py", line 2733, in _post_inspect
    self._check_configure()
  File "C:\Users\User\AppData\Local\Programs\Python\Python312\Lib\site-packages\sqlalchemy\orm\mapper.py", line 2410, in _check_configure
    _configure_registries({self.registry}, cascade=True)
  File "C:\Users\User\AppData\Local\Programs\Python\Python312\Lib\site-packages\sqlalchemy\orm\mapper.py", line 4227, in _configure_registries
    _do_configure_registries(registries, cascade)
  File "C:\Users\User\AppData\Local\Programs\Python\Python312\Lib\site-packages\sqlalchemy\orm\mapper.py", line 4268, in _do_configure_registries
    mapper._post_configure_properties()
  File "C:\Users\User\AppData\Local\Programs\Python\Python312\Lib\site-packages\sqlalchemy\orm\mapper.py", line 2427, in _post_configure_properties
    prop.init()
  File "C:\Users\User\AppData\Local\Programs\Python\Python312\Lib\site-packages\sqlalchemy\orm\interfaces.py", line 595, in init
    self.do_init()
  File "C:\Users\User\AppData\Local\Programs\Python\Python312\Lib\site-packages\sqlalchemy\orm\relationships.py", line 1660, in do_init
    self._generate_backref()
  File "C:\Users\User\AppData\Local\Programs\Python\Python312\Lib\site-packages\sqlalchemy\orm\relationships.py", line 2144, in _generate_backref
    self._add_reverse_property(self.back_populates)
  File "C:\Users\User\AppData\Local\Programs\Python\Python312\Lib\site-packages\sqlalchemy\orm\relationships.py", line 1627, in _add_reverse_property
    raise sa_exc.ArgumentError(
sqlalchemy.exc.ArgumentError: CompendiumCategory.subcategories and back-reference CompendiumCategory.parent are both of the same direction <RelationshipDirection.MANYTOONE: 2>.  Did you mean to set remote_side on the many-to-one side ?
2026-03-13 10:41:55 - main - [31mERROR[0m - [main.global_exception_handler:83] - Unhandled exception: One or more mappers failed to initialize - can't proceed with initialization of other mappers. Triggering mapper: 'Mapper[CompendiumCategory(compendium_categories)]'. Original exception was: CompendiumCategory.subcategories and back-reference CompendiumCategory.parent are both of the same direction <RelationshipDirection.MANYTOONE: 2>.  Did you mean to set remote_side on the many-to-one side ?
Traceback (most recent call last):
  File "C:\Users\User\AppData\Local\Programs\Python\Python312\Lib\site-packages\starlette\middleware\errors.py", line 164, in __call__
    await self.app(scope, receive, _send)
  File "C:\Users\User\AppData\Local\Programs\Python\Python312\Lib\site-packages\starlette\middleware\cors.py", line 87, in __call__
    await self.app(scope, receive, send)
  File "C:\Users\User\AppData\Local\Programs\Python\Python312\Lib\site-packages\starlette\middleware\base.py", line 198, in __call__
    raise app_exc
  File "C:\Users\User\AppData\Local\Programs\Python\Python312\Lib\site-packages\starlette\middleware\base.py", line 144, in coro
    await self.app(scope, receive_or_disconnect, send_no_error)
  File "C:\Users\User\AppData\Local\Programs\Python\Python312\Lib\site-packages\starlette\middleware\base.py", line 198, in __call__
    raise app_exc
  File "C:\Users\User\AppData\Local\Programs\Python\Python312\Lib\site-packages\starlette\middleware\base.py", line 144, in coro
    await self.app(scope, receive_or_disconnect, send_no_error)
  File "C:\Users\User\AppData\Local\Programs\Python\Python312\Lib\site-packages\starlette\middleware\exceptions.py", line 63, in __call__
    await wrap_app_handling_exceptions(self.app, conn)(scope, receive, send)
  File "C:\Users\User\AppData\Local\Programs\Python\Python312\Lib\site-packages\starlette\_exception_handler.py", line 53, in wrapped_app
    raise exc
  File "C:\Users\User\AppData\Local\Programs\Python\Python312\Lib\site-packages\starlette\_exception_handler.py", line 42, in wrapped_app
    await app(scope, receive, sender)
  File "C:\Users\User\AppData\Local\Programs\Python\Python312\Lib\site-packages\fastapi\middleware\asyncexitstack.py", line 18, in __call__
    await self.app(scope, receive, send)
  File "C:\Users\User\AppData\Local\Programs\Python\Python312\Lib\site-packages\starlette\routing.py", line 716, in __call__
    await self.middleware_stack(scope, receive, send)
  File "C:\Users\User\AppData\Local\Programs\Python\Python312\Lib\site-packages\starlette\routing.py", line 736, in app
    await route.handle(scope, receive, send)
  File "C:\Users\User\AppData\Local\Programs\Python\Python312\Lib\site-packages\starlette\routing.py", line 462, in handle
    await self.app(scope, receive, send)
  File "C:\Users\User\AppData\Local\Programs\Python\Python312\Lib\site-packages\fastapi\applications.py", line 1160, in __call__
    await super().__call__(scope, receive, send)
  File "C:\Users\User\AppData\Local\Programs\Python\Python312\Lib\site-packages\starlette\applications.py", line 107, in __call__
    await self.middleware_stack(scope, receive, send)
  File "C:\Users\User\AppData\Local\Programs\Python\Python312\Lib\site-packages\starlette\middleware\errors.py", line 186, in __call__
    raise exc
  File "C:\Users\User\AppData\Local\Programs\Python\Python312\Lib\site-packages\starlette\middleware\errors.py", line 164, in __call__
    await self.app(scope, receive, _send)
  File "C:\Users\User\AppData\Local\Programs\Python\Python312\Lib\site-packages\starlette\middleware\exceptions.py", line 63, in __call__
    await wrap_app_handling_exceptions(self.app, conn)(scope, receive, send)
  File "C:\Users\User\AppData\Local\Programs\Python\Python312\Lib\site-packages\starlette\_exception_handler.py", line 53, in wrapped_app
    raise exc
  File "C:\Users\User\AppData\Local\Programs\Python\Python312\Lib\site-packages\starlette\_exception_handler.py", line 42, in wrapped_app
    await app(scope, receive, sender)
  File "C:\Users\User\AppData\Local\Programs\Python\Python312\Lib\site-packages\fastapi\middleware\asyncexitstack.py", line 18, in __call__
    await self.app(scope, receive, send)
  File "C:\Users\User\AppData\Local\Programs\Python\Python312\Lib\site-packages\starlette\routing.py", line 716, in __call__
    await self.middleware_stack(scope, receive, send)
  File "C:\Users\User\AppData\Local\Programs\Python\Python312\Lib\site-packages\starlette\routing.py", line 736, in app
    await route.handle(scope, receive, send)
  File "C:\Users\User\AppData\Local\Programs\Python\Python312\Lib\site-packages\starlette\routing.py", line 290, in handle
    await self.app(scope, receive, send)
  File "C:\Users\User\AppData\Local\Programs\Python\Python312\Lib\site-packages\fastapi\routing.py", line 130, in app
    await wrap_app_handling_exceptions(app, request)(scope, receive, send)
  File "C:\Users\User\AppData\Local\Programs\Python\Python312\Lib\site-packages\starlette\_exception_handler.py", line 53, in wrapped_app
    raise exc
  File "C:\Users\User\AppData\Local\Programs\Python\Python312\Lib\site-packages\starlette\_exception_handler.py", line 42, in wrapped_app
    await app(scope, receive, sender)
  File "C:\Users\User\AppData\Local\Programs\Python\Python312\Lib\site-packages\fastapi\routing.py", line 116, in app
    response = await f(request)
               ^^^^^^^^^^^^^^^^
  File "C:\Users\User\AppData\Local\Programs\Python\Python312\Lib\site-packages\fastapi\routing.py", line 670, in app
    raw_response = await run_endpoint_function(
                   ^^^^^^^^^^^^^^^^^^^^^^^^^^^^
  File "C:\Users\User\AppData\Local\Programs\Python\Python312\Lib\site-packages\fastapi\routing.py", line 326, in run_endpoint_function
    return await run_in_threadpool(dependant.call, **values)
           ^^^^^^^^^^^^^^^^^^^^^^^^^^^^^^^^^^^^^^^^^^^^^^^^^
  File "C:\Users\User\AppData\Local\Programs\Python\Python312\Lib\site-packages\starlette\concurrency.py", line 32, in run_in_threadpool
    return await anyio.to_thread.run_sync(func)
           ^^^^^^^^^^^^^^^^^^^^^^^^^^^^^^^^^^^^
  File "C:\Users\User\AppData\Local\Programs\Python\Python312\Lib\site-packages\anyio\to_thread.py", line 33, in run_sync
    return await get_asynclib().run_sync_in_worker_thread(
           ^^^^^^^^^^^^^^^^^^^^^^^^^^^^^^^^^^^^^^^^^^^^^^^
  File "C:\Users\User\AppData\Local\Programs\Python\Python312\Lib\site-packages\anyio\_backends\_asyncio.py", line 877, in run_sync_in_worker_thread
    return await future
           ^^^^^^^^^^^^
  File "C:\Users\User\AppData\Local\Programs\Python\Python312\Lib\site-packages\anyio\_backends\_asyncio.py", line 807, in run
    result = context.run(func, *args)
             ^^^^^^^^^^^^^^^^^^^^^^^^
  File "C:\VS_Code\MAGGxDND\backend\src\api\routers\login.py", line 66, in login_with_json
    user = auth_service.authenticate_user(db=db, username=request.username, password=request.password)
           ^^^^^^^^^^^^^^^^^^^^^^^^^^^^^^^^^^^^^^^^^^^^^^^^^^^^^^^^^^^^^^^^^^^^^^^^^^^^^^^^^^^^^^^^^^^
  File "C:\VS_Code\MAGGxDND\backend\src\services\auth.py", line 21, in authenticate_user
    db_user = user_repo.get_by_username(db, username=username)
              ^^^^^^^^^^^^^^^^^^^^^^^^^^^^^^^^^^^^^^^^^^^^^^^^
  File "C:\VS_Code\MAGGxDND\backend\src\repositories\user.py", line 12, in get_by_username
    return db.query(User).filter(User.username == username).first()
           ^^^^^^^^^^^^^^
  File "C:\Users\User\AppData\Local\Programs\Python\Python312\Lib\site-packages\sqlalchemy\orm\session.py", line 2941, in query
    return self._query_cls(entities, self, **kwargs)
           ^^^^^^^^^^^^^^^^^^^^^^^^^^^^^^^^^^^^^^^^^
  File "C:\Users\User\AppData\Local\Programs\Python\Python312\Lib\site-packages\sqlalchemy\orm\query.py", line 276, in __init__
    self._set_entities(entities)
  File "C:\Users\User\AppData\Local\Programs\Python\Python312\Lib\site-packages\sqlalchemy\orm\query.py", line 289, in _set_entities
    coercions.expect(
  File "C:\Users\User\AppData\Local\Programs\Python\Python312\Lib\site-packages\sqlalchemy\sql\coercions.py", line 389, in expect
    insp._post_inspect
  File "C:\Users\User\AppData\Local\Programs\Python\Python312\Lib\site-packages\sqlalchemy\util\langhelpers.py", line 1235, in __get__
    obj.__dict__[self.__name__] = result = self.fget(obj)
                                           ^^^^^^^^^^^^^^
  File "C:\Users\User\AppData\Local\Programs\Python\Python312\Lib\site-packages\sqlalchemy\orm\mapper.py", line 2733, in _post_inspect
    self._check_configure()
  File "C:\Users\User\AppData\Local\Programs\Python\Python312\Lib\site-packages\sqlalchemy\orm\mapper.py", line 2410, in _check_configure
    _configure_registries({self.registry}, cascade=True)
  File "C:\Users\User\AppData\Local\Programs\Python\Python312\Lib\site-packages\sqlalchemy\orm\mapper.py", line 4227, in _configure_registries
    _do_configure_registries(registries, cascade)
  File "C:\Users\User\AppData\Local\Programs\Python\Python312\Lib\site-packages\sqlalchemy\orm\mapper.py", line 4264, in _do_configure_registries
    raise e
sqlalchemy.exc.InvalidRequestError: One or more mappers failed to initialize - can't proceed with initialization of other mappers. Triggering mapper: 'Mapper[CompendiumCategory(compendium_categories)]'. Original exception was: CompendiumCategory.subcategories and back-reference CompendiumCategory.parent are both of the same direction <RelationshipDirection.MANYTOONE: 2>.  Did you mean to set remote_side on the many-to-one side ?
2026-03-13 10:45:57 - main - [31mERROR[0m - [main.global_exception_handler:83] - Unhandled exception: CompendiumComment.replies and back-reference CompendiumComment.parent are both of the same direction <RelationshipDirection.MANYTOONE: 2>.  Did you mean to set remote_side on the many-to-one side ?
Traceback (most recent call last):
  File "C:\Users\User\AppData\Local\Programs\Python\Python312\Lib\site-packages\starlette\middleware\errors.py", line 164, in __call__
    await self.app(scope, receive, _send)
  File "C:\Users\User\AppData\Local\Programs\Python\Python312\Lib\site-packages\starlette\middleware\cors.py", line 87, in __call__
    await self.app(scope, receive, send)
  File "C:\Users\User\AppData\Local\Programs\Python\Python312\Lib\site-packages\starlette\middleware\base.py", line 198, in __call__
    raise app_exc
  File "C:\Users\User\AppData\Local\Programs\Python\Python312\Lib\site-packages\starlette\middleware\base.py", line 144, in coro
    await self.app(scope, receive_or_disconnect, send_no_error)
  File "C:\Users\User\AppData\Local\Programs\Python\Python312\Lib\site-packages\starlette\middleware\base.py", line 198, in __call__
    raise app_exc
  File "C:\Users\User\AppData\Local\Programs\Python\Python312\Lib\site-packages\starlette\middleware\base.py", line 144, in coro
    await self.app(scope, receive_or_disconnect, send_no_error)
  File "C:\Users\User\AppData\Local\Programs\Python\Python312\Lib\site-packages\starlette\middleware\exceptions.py", line 63, in __call__
    await wrap_app_handling_exceptions(self.app, conn)(scope, receive, send)
  File "C:\Users\User\AppData\Local\Programs\Python\Python312\Lib\site-packages\starlette\_exception_handler.py", line 53, in wrapped_app
    raise exc
  File "C:\Users\User\AppData\Local\Programs\Python\Python312\Lib\site-packages\starlette\_exception_handler.py", line 42, in wrapped_app
    await app(scope, receive, sender)
  File "C:\Users\User\AppData\Local\Programs\Python\Python312\Lib\site-packages\fastapi\middleware\asyncexitstack.py", line 18, in __call__
    await self.app(scope, receive, send)
  File "C:\Users\User\AppData\Local\Programs\Python\Python312\Lib\site-packages\starlette\routing.py", line 716, in __call__
    await self.middleware_stack(scope, receive, send)
  File "C:\Users\User\AppData\Local\Programs\Python\Python312\Lib\site-packages\starlette\routing.py", line 736, in app
    await route.handle(scope, receive, send)
  File "C:\Users\User\AppData\Local\Programs\Python\Python312\Lib\site-packages\starlette\routing.py", line 462, in handle
    await self.app(scope, receive, send)
  File "C:\Users\User\AppData\Local\Programs\Python\Python312\Lib\site-packages\fastapi\applications.py", line 1160, in __call__
    await super().__call__(scope, receive, send)
  File "C:\Users\User\AppData\Local\Programs\Python\Python312\Lib\site-packages\starlette\applications.py", line 107, in __call__
    await self.middleware_stack(scope, receive, send)
  File "C:\Users\User\AppData\Local\Programs\Python\Python312\Lib\site-packages\starlette\middleware\errors.py", line 186, in __call__
    raise exc
  File "C:\Users\User\AppData\Local\Programs\Python\Python312\Lib\site-packages\starlette\middleware\errors.py", line 164, in __call__
    await self.app(scope, receive, _send)
  File "C:\Users\User\AppData\Local\Programs\Python\Python312\Lib\site-packages\starlette\middleware\exceptions.py", line 63, in __call__
    await wrap_app_handling_exceptions(self.app, conn)(scope, receive, send)
  File "C:\Users\User\AppData\Local\Programs\Python\Python312\Lib\site-packages\starlette\_exception_handler.py", line 53, in wrapped_app
    raise exc
  File "C:\Users\User\AppData\Local\Programs\Python\Python312\Lib\site-packages\starlette\_exception_handler.py", line 42, in wrapped_app
    await app(scope, receive, sender)
  File "C:\Users\User\AppData\Local\Programs\Python\Python312\Lib\site-packages\fastapi\middleware\asyncexitstack.py", line 18, in __call__
    await self.app(scope, receive, send)
  File "C:\Users\User\AppData\Local\Programs\Python\Python312\Lib\site-packages\starlette\routing.py", line 716, in __call__
    await self.middleware_stack(scope, receive, send)
  File "C:\Users\User\AppData\Local\Programs\Python\Python312\Lib\site-packages\starlette\routing.py", line 736, in app
    await route.handle(scope, receive, send)
  File "C:\Users\User\AppData\Local\Programs\Python\Python312\Lib\site-packages\starlette\routing.py", line 290, in handle
    await self.app(scope, receive, send)
  File "C:\Users\User\AppData\Local\Programs\Python\Python312\Lib\site-packages\fastapi\routing.py", line 130, in app
    await wrap_app_handling_exceptions(app, request)(scope, receive, send)
  File "C:\Users\User\AppData\Local\Programs\Python\Python312\Lib\site-packages\starlette\_exception_handler.py", line 53, in wrapped_app
    raise exc
  File "C:\Users\User\AppData\Local\Programs\Python\Python312\Lib\site-packages\starlette\_exception_handler.py", line 42, in wrapped_app
    await app(scope, receive, sender)
  File "C:\Users\User\AppData\Local\Programs\Python\Python312\Lib\site-packages\fastapi\routing.py", line 116, in app
    response = await f(request)
               ^^^^^^^^^^^^^^^^
  File "C:\Users\User\AppData\Local\Programs\Python\Python312\Lib\site-packages\fastapi\routing.py", line 670, in app
    raw_response = await run_endpoint_function(
                   ^^^^^^^^^^^^^^^^^^^^^^^^^^^^
  File "C:\Users\User\AppData\Local\Programs\Python\Python312\Lib\site-packages\fastapi\routing.py", line 326, in run_endpoint_function
    return await run_in_threadpool(dependant.call, **values)
           ^^^^^^^^^^^^^^^^^^^^^^^^^^^^^^^^^^^^^^^^^^^^^^^^^
  File "C:\Users\User\AppData\Local\Programs\Python\Python312\Lib\site-packages\starlette\concurrency.py", line 32, in run_in_threadpool
    return await anyio.to_thread.run_sync(func)
           ^^^^^^^^^^^^^^^^^^^^^^^^^^^^^^^^^^^^
  File "C:\Users\User\AppData\Local\Programs\Python\Python312\Lib\site-packages\anyio\to_thread.py", line 33, in run_sync
    return await get_asynclib().run_sync_in_worker_thread(
           ^^^^^^^^^^^^^^^^^^^^^^^^^^^^^^^^^^^^^^^^^^^^^^^
  File "C:\Users\User\AppData\Local\Programs\Python\Python312\Lib\site-packages\anyio\_backends\_asyncio.py", line 877, in run_sync_in_worker_thread
    return await future
           ^^^^^^^^^^^^
  File "C:\Users\User\AppData\Local\Programs\Python\Python312\Lib\site-packages\anyio\_backends\_asyncio.py", line 807, in run
    result = context.run(func, *args)
             ^^^^^^^^^^^^^^^^^^^^^^^^
  File "C:\VS_Code\MAGGxDND\backend\src\api\routers\login.py", line 160, in register_user
    existing_user = user_repo.get_by_username(db, username=request.username)
                    ^^^^^^^^^^^^^^^^^^^^^^^^^^^^^^^^^^^^^^^^^^^^^^^^^^^^^^^^
  File "C:\VS_Code\MAGGxDND\backend\src\repositories\user.py", line 12, in get_by_username
    return db.query(User).filter(User.username == username).first()
           ^^^^^^^^^^^^^^
  File "C:\Users\User\AppData\Local\Programs\Python\Python312\Lib\site-packages\sqlalchemy\orm\session.py", line 2941, in query
    return self._query_cls(entities, self, **kwargs)
           ^^^^^^^^^^^^^^^^^^^^^^^^^^^^^^^^^^^^^^^^^
  File "C:\Users\User\AppData\Local\Programs\Python\Python312\Lib\site-packages\sqlalchemy\orm\query.py", line 276, in __init__
    self._set_entities(entities)
  File "C:\Users\User\AppData\Local\Programs\Python\Python312\Lib\site-packages\sqlalchemy\orm\query.py", line 289, in _set_entities
    coercions.expect(
  File "C:\Users\User\AppData\Local\Programs\Python\Python312\Lib\site-packages\sqlalchemy\sql\coercions.py", line 389, in expect
    insp._post_inspect
  File "C:\Users\User\AppData\Local\Programs\Python\Python312\Lib\site-packages\sqlalchemy\util\langhelpers.py", line 1235, in __get__
    obj.__dict__[self.__name__] = result = self.fget(obj)
                                           ^^^^^^^^^^^^^^
  File "C:\Users\User\AppData\Local\Programs\Python\Python312\Lib\site-packages\sqlalchemy\orm\mapper.py", line 2733, in _post_inspect
    self._check_configure()
  File "C:\Users\User\AppData\Local\Programs\Python\Python312\Lib\site-packages\sqlalchemy\orm\mapper.py", line 2410, in _check_configure
    _configure_registries({self.registry}, cascade=True)
  File "C:\Users\User\AppData\Local\Programs\Python\Python312\Lib\site-packages\sqlalchemy\orm\mapper.py", line 4227, in _configure_registries
    _do_configure_registries(registries, cascade)
  File "C:\Users\User\AppData\Local\Programs\Python\Python312\Lib\site-packages\sqlalchemy\orm\mapper.py", line 4268, in _do_configure_registries
    mapper._post_configure_properties()
  File "C:\Users\User\AppData\Local\Programs\Python\Python312\Lib\site-packages\sqlalchemy\orm\mapper.py", line 2427, in _post_configure_properties
    prop.init()
  File "C:\Users\User\AppData\Local\Programs\Python\Python312\Lib\site-packages\sqlalchemy\orm\interfaces.py", line 595, in init
    self.do_init()
  File "C:\Users\User\AppData\Local\Programs\Python\Python312\Lib\site-packages\sqlalchemy\orm\relationships.py", line 1660, in do_init
    self._generate_backref()
  File "C:\Users\User\AppData\Local\Programs\Python\Python312\Lib\site-packages\sqlalchemy\orm\relationships.py", line 2144, in _generate_backref
    self._add_reverse_property(self.back_populates)
  File "C:\Users\User\AppData\Local\Programs\Python\Python312\Lib\site-packages\sqlalchemy\orm\relationships.py", line 1627, in _add_reverse_property
    raise sa_exc.ArgumentError(
sqlalchemy.exc.ArgumentError: CompendiumComment.replies and back-reference CompendiumComment.parent are both of the same direction <RelationshipDirection.MANYTOONE: 2>.  Did you mean to set remote_side on the many-to-one side ?
2026-03-13 10:45:59 - main - [31mERROR[0m - [main.global_exception_handler:83] - Unhandled exception: One or more mappers failed to initialize - can't proceed with initialization of other mappers. Triggering mapper: 'Mapper[CompendiumComment(compendium_comments)]'. Original exception was: CompendiumComment.replies and back-reference CompendiumComment.parent are both of the same direction <RelationshipDirection.MANYTOONE: 2>.  Did you mean to set remote_side on the many-to-one side ?
Traceback (most recent call last):
  File "C:\Users\User\AppData\Local\Programs\Python\Python312\Lib\site-packages\starlette\middleware\errors.py", line 164, in __call__
    await self.app(scope, receive, _send)
  File "C:\Users\User\AppData\Local\Programs\Python\Python312\Lib\site-packages\starlette\middleware\cors.py", line 87, in __call__
    await self.app(scope, receive, send)
  File "C:\Users\User\AppData\Local\Programs\Python\Python312\Lib\site-packages\starlette\middleware\base.py", line 198, in __call__
    raise app_exc
  File "C:\Users\User\AppData\Local\Programs\Python\Python312\Lib\site-packages\starlette\middleware\base.py", line 144, in coro
    await self.app(scope, receive_or_disconnect, send_no_error)
  File "C:\Users\User\AppData\Local\Programs\Python\Python312\Lib\site-packages\starlette\middleware\base.py", line 198, in __call__
    raise app_exc
  File "C:\Users\User\AppData\Local\Programs\Python\Python312\Lib\site-packages\starlette\middleware\base.py", line 144, in coro
    await self.app(scope, receive_or_disconnect, send_no_error)
  File "C:\Users\User\AppData\Local\Programs\Python\Python312\Lib\site-packages\starlette\middleware\exceptions.py", line 63, in __call__
    await wrap_app_handling_exceptions(self.app, conn)(scope, receive, send)
  File "C:\Users\User\AppData\Local\Programs\Python\Python312\Lib\site-packages\starlette\_exception_handler.py", line 53, in wrapped_app
    raise exc
  File "C:\Users\User\AppData\Local\Programs\Python\Python312\Lib\site-packages\starlette\_exception_handler.py", line 42, in wrapped_app
    await app(scope, receive, sender)
  File "C:\Users\User\AppData\Local\Programs\Python\Python312\Lib\site-packages\fastapi\middleware\asyncexitstack.py", line 18, in __call__
    await self.app(scope, receive, send)
  File "C:\Users\User\AppData\Local\Programs\Python\Python312\Lib\site-packages\starlette\routing.py", line 716, in __call__
    await self.middleware_stack(scope, receive, send)
  File "C:\Users\User\AppData\Local\Programs\Python\Python312\Lib\site-packages\starlette\routing.py", line 736, in app
    await route.handle(scope, receive, send)
  File "C:\Users\User\AppData\Local\Programs\Python\Python312\Lib\site-packages\starlette\routing.py", line 462, in handle
    await self.app(scope, receive, send)
  File "C:\Users\User\AppData\Local\Programs\Python\Python312\Lib\site-packages\fastapi\applications.py", line 1160, in __call__
    await super().__call__(scope, receive, send)
  File "C:\Users\User\AppData\Local\Programs\Python\Python312\Lib\site-packages\starlette\applications.py", line 107, in __call__
    await self.middleware_stack(scope, receive, send)
  File "C:\Users\User\AppData\Local\Programs\Python\Python312\Lib\site-packages\starlette\middleware\errors.py", line 186, in __call__
    raise exc
  File "C:\Users\User\AppData\Local\Programs\Python\Python312\Lib\site-packages\starlette\middleware\errors.py", line 164, in __call__
    await self.app(scope, receive, _send)
  File "C:\Users\User\AppData\Local\Programs\Python\Python312\Lib\site-packages\starlette\middleware\exceptions.py", line 63, in __call__
    await wrap_app_handling_exceptions(self.app, conn)(scope, receive, send)
  File "C:\Users\User\AppData\Local\Programs\Python\Python312\Lib\site-packages\starlette\_exception_handler.py", line 53, in wrapped_app
    raise exc
  File "C:\Users\User\AppData\Local\Programs\Python\Python312\Lib\site-packages\starlette\_exception_handler.py", line 42, in wrapped_app
    await app(scope, receive, sender)
  File "C:\Users\User\AppData\Local\Programs\Python\Python312\Lib\site-packages\fastapi\middleware\asyncexitstack.py", line 18, in __call__
    await self.app(scope, receive, send)
  File "C:\Users\User\AppData\Local\Programs\Python\Python312\Lib\site-packages\starlette\routing.py", line 716, in __call__
    await self.middleware_stack(scope, receive, send)
  File "C:\Users\User\AppData\Local\Programs\Python\Python312\Lib\site-packages\starlette\routing.py", line 736, in app
    await route.handle(scope, receive, send)
  File "C:\Users\User\AppData\Local\Programs\Python\Python312\Lib\site-packages\starlette\routing.py", line 290, in handle
    await self.app(scope, receive, send)
  File "C:\Users\User\AppData\Local\Programs\Python\Python312\Lib\site-packages\fastapi\routing.py", line 130, in app
    await wrap_app_handling_exceptions(app, request)(scope, receive, send)
  File "C:\Users\User\AppData\Local\Programs\Python\Python312\Lib\site-packages\starlette\_exception_handler.py", line 53, in wrapped_app
    raise exc
  File "C:\Users\User\AppData\Local\Programs\Python\Python312\Lib\site-packages\starlette\_exception_handler.py", line 42, in wrapped_app
    await app(scope, receive, sender)
  File "C:\Users\User\AppData\Local\Programs\Python\Python312\Lib\site-packages\fastapi\routing.py", line 116, in app
    response = await f(request)
               ^^^^^^^^^^^^^^^^
  File "C:\Users\User\AppData\Local\Programs\Python\Python312\Lib\site-packages\fastapi\routing.py", line 670, in app
    raw_response = await run_endpoint_function(
                   ^^^^^^^^^^^^^^^^^^^^^^^^^^^^
  File "C:\Users\User\AppData\Local\Programs\Python\Python312\Lib\site-packages\fastapi\routing.py", line 326, in run_endpoint_function
    return await run_in_threadpool(dependant.call, **values)
           ^^^^^^^^^^^^^^^^^^^^^^^^^^^^^^^^^^^^^^^^^^^^^^^^^
  File "C:\Users\User\AppData\Local\Programs\Python\Python312\Lib\site-packages\starlette\concurrency.py", line 32, in run_in_threadpool
    return await anyio.to_thread.run_sync(func)
           ^^^^^^^^^^^^^^^^^^^^^^^^^^^^^^^^^^^^
  File "C:\Users\User\AppData\Local\Programs\Python\Python312\Lib\site-packages\anyio\to_thread.py", line 33, in run_sync
    return await get_asynclib().run_sync_in_worker_thread(
           ^^^^^^^^^^^^^^^^^^^^^^^^^^^^^^^^^^^^^^^^^^^^^^^
  File "C:\Users\User\AppData\Local\Programs\Python\Python312\Lib\site-packages\anyio\_backends\_asyncio.py", line 877, in run_sync_in_worker_thread
    return await future
           ^^^^^^^^^^^^
  File "C:\Users\User\AppData\Local\Programs\Python\Python312\Lib\site-packages\anyio\_backends\_asyncio.py", line 807, in run
    result = context.run(func, *args)
             ^^^^^^^^^^^^^^^^^^^^^^^^
  File "C:\VS_Code\MAGGxDND\backend\src\api\routers\login.py", line 66, in login_with_json
    user = auth_service.authenticate_user(db=db, username=request.username, password=request.password)
           ^^^^^^^^^^^^^^^^^^^^^^^^^^^^^^^^^^^^^^^^^^^^^^^^^^^^^^^^^^^^^^^^^^^^^^^^^^^^^^^^^^^^^^^^^^^
  File "C:\VS_Code\MAGGxDND\backend\src\services\auth.py", line 21, in authenticate_user
    db_user = user_repo.get_by_username(db, username=username)
              ^^^^^^^^^^^^^^^^^^^^^^^^^^^^^^^^^^^^^^^^^^^^^^^^
  File "C:\VS_Code\MAGGxDND\backend\src\repositories\user.py", line 12, in get_by_username
    return db.query(User).filter(User.username == username).first()
           ^^^^^^^^^^^^^^
  File "C:\Users\User\AppData\Local\Programs\Python\Python312\Lib\site-packages\sqlalchemy\orm\session.py", line 2941, in query
    return self._query_cls(entities, self, **kwargs)
           ^^^^^^^^^^^^^^^^^^^^^^^^^^^^^^^^^^^^^^^^^
  File "C:\Users\User\AppData\Local\Programs\Python\Python312\Lib\site-packages\sqlalchemy\orm\query.py", line 276, in __init__
    self._set_entities(entities)
  File "C:\Users\User\AppData\Local\Programs\Python\Python312\Lib\site-packages\sqlalchemy\orm\query.py", line 289, in _set_entities
    coercions.expect(
  File "C:\Users\User\AppData\Local\Programs\Python\Python312\Lib\site-packages\sqlalchemy\sql\coercions.py", line 389, in expect
    insp._post_inspect
  File "C:\Users\User\AppData\Local\Programs\Python\Python312\Lib\site-packages\sqlalchemy\util\langhelpers.py", line 1235, in __get__
    obj.__dict__[self.__name__] = result = self.fget(obj)
                                           ^^^^^^^^^^^^^^
  File "C:\Users\User\AppData\Local\Programs\Python\Python312\Lib\site-packages\sqlalchemy\orm\mapper.py", line 2733, in _post_inspect
    self._check_configure()
  File "C:\Users\User\AppData\Local\Programs\Python\Python312\Lib\site-packages\sqlalchemy\orm\mapper.py", line 2410, in _check_configure
    _configure_registries({self.registry}, cascade=True)
  File "C:\Users\User\AppData\Local\Programs\Python\Python312\Lib\site-packages\sqlalchemy\orm\mapper.py", line 4227, in _configure_registries
    _do_configure_registries(registries, cascade)
  File "C:\Users\User\AppData\Local\Programs\Python\Python312\Lib\site-packages\sqlalchemy\orm\mapper.py", line 4264, in _do_configure_registries
    raise e
sqlalchemy.exc.InvalidRequestError: One or more mappers failed to initialize - can't proceed with initialization of other mappers. Triggering mapper: 'Mapper[CompendiumComment(compendium_comments)]'. Original exception was: CompendiumComment.replies and back-reference CompendiumComment.parent are both of the same direction <RelationshipDirection.MANYTOONE: 2>.  Did you mean to set remote_side on the many-to-one side ?
2026-03-13 10:47:26 - main - [31mERROR[0m - [main.global_exception_handler:83] - Unhandled exception: One or more mappers failed to initialize - can't proceed with initialization of other mappers. Triggering mapper: 'Mapper[CompendiumComment(compendium_comments)]'. Original exception was: CompendiumComment.replies and back-reference CompendiumComment.parent are both of the same direction <RelationshipDirection.MANYTOONE: 2>.  Did you mean to set remote_side on the many-to-one side ?
Traceback (most recent call last):
  File "C:\Users\User\AppData\Local\Programs\Python\Python312\Lib\site-packages\starlette\middleware\errors.py", line 164, in __call__
    await self.app(scope, receive, _send)
  File "C:\Users\User\AppData\Local\Programs\Python\Python312\Lib\site-packages\starlette\middleware\cors.py", line 87, in __call__
    await self.app(scope, receive, send)
  File "C:\Users\User\AppData\Local\Programs\Python\Python312\Lib\site-packages\starlette\middleware\base.py", line 198, in __call__
    raise app_exc
  File "C:\Users\User\AppData\Local\Programs\Python\Python312\Lib\site-packages\starlette\middleware\base.py", line 144, in coro
    await self.app(scope, receive_or_disconnect, send_no_error)
  File "C:\Users\User\AppData\Local\Programs\Python\Python312\Lib\site-packages\starlette\middleware\base.py", line 198, in __call__
    raise app_exc
  File "C:\Users\User\AppData\Local\Programs\Python\Python312\Lib\site-packages\starlette\middleware\base.py", line 144, in coro
    await self.app(scope, receive_or_disconnect, send_no_error)
  File "C:\Users\User\AppData\Local\Programs\Python\Python312\Lib\site-packages\starlette\middleware\exceptions.py", line 63, in __call__
    await wrap_app_handling_exceptions(self.app, conn)(scope, receive, send)
  File "C:\Users\User\AppData\Local\Programs\Python\Python312\Lib\site-packages\starlette\_exception_handler.py", line 53, in wrapped_app
    raise exc
  File "C:\Users\User\AppData\Local\Programs\Python\Python312\Lib\site-packages\starlette\_exception_handler.py", line 42, in wrapped_app
    await app(scope, receive, sender)
  File "C:\Users\User\AppData\Local\Programs\Python\Python312\Lib\site-packages\fastapi\middleware\asyncexitstack.py", line 18, in __call__
    await self.app(scope, receive, send)
  File "C:\Users\User\AppData\Local\Programs\Python\Python312\Lib\site-packages\starlette\routing.py", line 716, in __call__
    await self.middleware_stack(scope, receive, send)
  File "C:\Users\User\AppData\Local\Programs\Python\Python312\Lib\site-packages\starlette\routing.py", line 736, in app
    await route.handle(scope, receive, send)
  File "C:\Users\User\AppData\Local\Programs\Python\Python312\Lib\site-packages\starlette\routing.py", line 462, in handle
    await self.app(scope, receive, send)
  File "C:\Users\User\AppData\Local\Programs\Python\Python312\Lib\site-packages\fastapi\applications.py", line 1160, in __call__
    await super().__call__(scope, receive, send)
  File "C:\Users\User\AppData\Local\Programs\Python\Python312\Lib\site-packages\starlette\applications.py", line 107, in __call__
    await self.middleware_stack(scope, receive, send)
  File "C:\Users\User\AppData\Local\Programs\Python\Python312\Lib\site-packages\starlette\middleware\errors.py", line 186, in __call__
    raise exc
  File "C:\Users\User\AppData\Local\Programs\Python\Python312\Lib\site-packages\starlette\middleware\errors.py", line 164, in __call__
    await self.app(scope, receive, _send)
  File "C:\Users\User\AppData\Local\Programs\Python\Python312\Lib\site-packages\starlette\middleware\exceptions.py", line 63, in __call__
    await wrap_app_handling_exceptions(self.app, conn)(scope, receive, send)
  File "C:\Users\User\AppData\Local\Programs\Python\Python312\Lib\site-packages\starlette\_exception_handler.py", line 53, in wrapped_app
    raise exc
  File "C:\Users\User\AppData\Local\Programs\Python\Python312\Lib\site-packages\starlette\_exception_handler.py", line 42, in wrapped_app
    await app(scope, receive, sender)
  File "C:\Users\User\AppData\Local\Programs\Python\Python312\Lib\site-packages\fastapi\middleware\asyncexitstack.py", line 18, in __call__
    await self.app(scope, receive, send)
  File "C:\Users\User\AppData\Local\Programs\Python\Python312\Lib\site-packages\starlette\routing.py", line 716, in __call__
    await self.middleware_stack(scope, receive, send)
  File "C:\Users\User\AppData\Local\Programs\Python\Python312\Lib\site-packages\starlette\routing.py", line 736, in app
    await route.handle(scope, receive, send)
  File "C:\Users\User\AppData\Local\Programs\Python\Python312\Lib\site-packages\starlette\routing.py", line 290, in handle
    await self.app(scope, receive, send)
  File "C:\Users\User\AppData\Local\Programs\Python\Python312\Lib\site-packages\fastapi\routing.py", line 130, in app
    await wrap_app_handling_exceptions(app, request)(scope, receive, send)
  File "C:\Users\User\AppData\Local\Programs\Python\Python312\Lib\site-packages\starlette\_exception_handler.py", line 53, in wrapped_app
    raise exc
  File "C:\Users\User\AppData\Local\Programs\Python\Python312\Lib\site-packages\starlette\_exception_handler.py", line 42, in wrapped_app
    await app(scope, receive, sender)
  File "C:\Users\User\AppData\Local\Programs\Python\Python312\Lib\site-packages\fastapi\routing.py", line 116, in app
    response = await f(request)
               ^^^^^^^^^^^^^^^^
  File "C:\Users\User\AppData\Local\Programs\Python\Python312\Lib\site-packages\fastapi\routing.py", line 670, in app
    raw_response = await run_endpoint_function(
                   ^^^^^^^^^^^^^^^^^^^^^^^^^^^^
  File "C:\Users\User\AppData\Local\Programs\Python\Python312\Lib\site-packages\fastapi\routing.py", line 326, in run_endpoint_function
    return await run_in_threadpool(dependant.call, **values)
           ^^^^^^^^^^^^^^^^^^^^^^^^^^^^^^^^^^^^^^^^^^^^^^^^^
  File "C:\Users\User\AppData\Local\Programs\Python\Python312\Lib\site-packages\starlette\concurrency.py", line 32, in run_in_threadpool
    return await anyio.to_thread.run_sync(func)
           ^^^^^^^^^^^^^^^^^^^^^^^^^^^^^^^^^^^^
  File "C:\Users\User\AppData\Local\Programs\Python\Python312\Lib\site-packages\anyio\to_thread.py", line 33, in run_sync
    return await get_asynclib().run_sync_in_worker_thread(
           ^^^^^^^^^^^^^^^^^^^^^^^^^^^^^^^^^^^^^^^^^^^^^^^
  File "C:\Users\User\AppData\Local\Programs\Python\Python312\Lib\site-packages\anyio\_backends\_asyncio.py", line 877, in run_sync_in_worker_thread
    return await future
           ^^^^^^^^^^^^
  File "C:\Users\User\AppData\Local\Programs\Python\Python312\Lib\site-packages\anyio\_backends\_asyncio.py", line 807, in run
    result = context.run(func, *args)
             ^^^^^^^^^^^^^^^^^^^^^^^^
  File "C:\VS_Code\MAGGxDND\backend\src\api\routers\login.py", line 160, in register_user
    existing_user = user_repo.get_by_username(db, username=request.username)
                    ^^^^^^^^^^^^^^^^^^^^^^^^^^^^^^^^^^^^^^^^^^^^^^^^^^^^^^^^
  File "C:\VS_Code\MAGGxDND\backend\src\repositories\user.py", line 12, in get_by_username
    return db.query(User).filter(User.username == username).first()
           ^^^^^^^^^^^^^^
  File "C:\Users\User\AppData\Local\Programs\Python\Python312\Lib\site-packages\sqlalchemy\orm\session.py", line 2941, in query
    return self._query_cls(entities, self, **kwargs)
           ^^^^^^^^^^^^^^^^^^^^^^^^^^^^^^^^^^^^^^^^^
  File "C:\Users\User\AppData\Local\Programs\Python\Python312\Lib\site-packages\sqlalchemy\orm\query.py", line 276, in __init__
    self._set_entities(entities)
  File "C:\Users\User\AppData\Local\Programs\Python\Python312\Lib\site-packages\sqlalchemy\orm\query.py", line 289, in _set_entities
    coercions.expect(
  File "C:\Users\User\AppData\Local\Programs\Python\Python312\Lib\site-packages\sqlalchemy\sql\coercions.py", line 389, in expect
    insp._post_inspect
  File "C:\Users\User\AppData\Local\Programs\Python\Python312\Lib\site-packages\sqlalchemy\util\langhelpers.py", line 1235, in __get__
    obj.__dict__[self.__name__] = result = self.fget(obj)
                                           ^^^^^^^^^^^^^^
  File "C:\Users\User\AppData\Local\Programs\Python\Python312\Lib\site-packages\sqlalchemy\orm\mapper.py", line 2733, in _post_inspect
    self._check_configure()
  File "C:\Users\User\AppData\Local\Programs\Python\Python312\Lib\site-packages\sqlalchemy\orm\mapper.py", line 2410, in _check_configure
    _configure_registries({self.registry}, cascade=True)
  File "C:\Users\User\AppData\Local\Programs\Python\Python312\Lib\site-packages\sqlalchemy\orm\mapper.py", line 4227, in _configure_registries
    _do_configure_registries(registries, cascade)
  File "C:\Users\User\AppData\Local\Programs\Python\Python312\Lib\site-packages\sqlalchemy\orm\mapper.py", line 4264, in _do_configure_registries
    raise e
sqlalchemy.exc.InvalidRequestError: One or more mappers failed to initialize - can't proceed with initialization of other mappers. Triggering mapper: 'Mapper[CompendiumComment(compendium_comments)]'. Original exception was: CompendiumComment.replies and back-reference CompendiumComment.parent are both of the same direction <RelationshipDirection.MANYTOONE: 2>.  Did you mean to set remote_side on the many-to-one side ?
2026-03-13 10:47:28 - main - [31mERROR[0m - [main.global_exception_handler:83] - Unhandled exception: One or more mappers failed to initialize - can't proceed with initialization of other mappers. Triggering mapper: 'Mapper[CompendiumComment(compendium_comments)]'. Original exception was: CompendiumComment.replies and back-reference CompendiumComment.parent are both of the same direction <RelationshipDirection.MANYTOONE: 2>.  Did you mean to set remote_side on the many-to-one side ?
Traceback (most recent call last):
  File "C:\Users\User\AppData\Local\Programs\Python\Python312\Lib\site-packages\starlette\middleware\errors.py", line 164, in __call__
    await self.app(scope, receive, _send)
  File "C:\Users\User\AppData\Local\Programs\Python\Python312\Lib\site-packages\starlette\middleware\cors.py", line 87, in __call__
    await self.app(scope, receive, send)
  File "C:\Users\User\AppData\Local\Programs\Python\Python312\Lib\site-packages\starlette\middleware\base.py", line 198, in __call__
    raise app_exc
  File "C:\Users\User\AppData\Local\Programs\Python\Python312\Lib\site-packages\starlette\middleware\base.py", line 144, in coro
    await self.app(scope, receive_or_disconnect, send_no_error)
  File "C:\Users\User\AppData\Local\Programs\Python\Python312\Lib\site-packages\starlette\middleware\base.py", line 198, in __call__
    raise app_exc
  File "C:\Users\User\AppData\Local\Programs\Python\Python312\Lib\site-packages\starlette\middleware\base.py", line 144, in coro
    await self.app(scope, receive_or_disconnect, send_no_error)
  File "C:\Users\User\AppData\Local\Programs\Python\Python312\Lib\site-packages\starlette\middleware\exceptions.py", line 63, in __call__
    await wrap_app_handling_exceptions(self.app, conn)(scope, receive, send)
  File "C:\Users\User\AppData\Local\Programs\Python\Python312\Lib\site-packages\starlette\_exception_handler.py", line 53, in wrapped_app
    raise exc
  File "C:\Users\User\AppData\Local\Programs\Python\Python312\Lib\site-packages\starlette\_exception_handler.py", line 42, in wrapped_app
    await app(scope, receive, sender)
  File "C:\Users\User\AppData\Local\Programs\Python\Python312\Lib\site-packages\fastapi\middleware\asyncexitstack.py", line 18, in __call__
    await self.app(scope, receive, send)
  File "C:\Users\User\AppData\Local\Programs\Python\Python312\Lib\site-packages\starlette\routing.py", line 716, in __call__
    await self.middleware_stack(scope, receive, send)
  File "C:\Users\User\AppData\Local\Programs\Python\Python312\Lib\site-packages\starlette\routing.py", line 736, in app
    await route.handle(scope, receive, send)
  File "C:\Users\User\AppData\Local\Programs\Python\Python312\Lib\site-packages\starlette\routing.py", line 462, in handle
    await self.app(scope, receive, send)
  File "C:\Users\User\AppData\Local\Programs\Python\Python312\Lib\site-packages\fastapi\applications.py", line 1160, in __call__
    await super().__call__(scope, receive, send)
  File "C:\Users\User\AppData\Local\Programs\Python\Python312\Lib\site-packages\starlette\applications.py", line 107, in __call__
    await self.middleware_stack(scope, receive, send)
  File "C:\Users\User\AppData\Local\Programs\Python\Python312\Lib\site-packages\starlette\middleware\errors.py", line 186, in __call__
    raise exc
  File "C:\Users\User\AppData\Local\Programs\Python\Python312\Lib\site-packages\starlette\middleware\errors.py", line 164, in __call__
    await self.app(scope, receive, _send)
  File "C:\Users\User\AppData\Local\Programs\Python\Python312\Lib\site-packages\starlette\middleware\exceptions.py", line 63, in __call__
    await wrap_app_handling_exceptions(self.app, conn)(scope, receive, send)
  File "C:\Users\User\AppData\Local\Programs\Python\Python312\Lib\site-packages\starlette\_exception_handler.py", line 53, in wrapped_app
    raise exc
  File "C:\Users\User\AppData\Local\Programs\Python\Python312\Lib\site-packages\starlette\_exception_handler.py", line 42, in wrapped_app
    await app(scope, receive, sender)
  File "C:\Users\User\AppData\Local\Programs\Python\Python312\Lib\site-packages\fastapi\middleware\asyncexitstack.py", line 18, in __call__
    await self.app(scope, receive, send)
  File "C:\Users\User\AppData\Local\Programs\Python\Python312\Lib\site-packages\starlette\routing.py", line 716, in __call__
    await self.middleware_stack(scope, receive, send)
  File "C:\Users\User\AppData\Local\Programs\Python\Python312\Lib\site-packages\starlette\routing.py", line 736, in app
    await route.handle(scope, receive, send)
  File "C:\Users\User\AppData\Local\Programs\Python\Python312\Lib\site-packages\starlette\routing.py", line 290, in handle
    await self.app(scope, receive, send)
  File "C:\Users\User\AppData\Local\Programs\Python\Python312\Lib\site-packages\fastapi\routing.py", line 130, in app
    await wrap_app_handling_exceptions(app, request)(scope, receive, send)
  File "C:\Users\User\AppData\Local\Programs\Python\Python312\Lib\site-packages\starlette\_exception_handler.py", line 53, in wrapped_app
    raise exc
  File "C:\Users\User\AppData\Local\Programs\Python\Python312\Lib\site-packages\starlette\_exception_handler.py", line 42, in wrapped_app
    await app(scope, receive, sender)
  File "C:\Users\User\AppData\Local\Programs\Python\Python312\Lib\site-packages\fastapi\routing.py", line 116, in app
    response = await f(request)
               ^^^^^^^^^^^^^^^^
  File "C:\Users\User\AppData\Local\Programs\Python\Python312\Lib\site-packages\fastapi\routing.py", line 670, in app
    raw_response = await run_endpoint_function(
                   ^^^^^^^^^^^^^^^^^^^^^^^^^^^^
  File "C:\Users\User\AppData\Local\Programs\Python\Python312\Lib\site-packages\fastapi\routing.py", line 326, in run_endpoint_function
    return await run_in_threadpool(dependant.call, **values)
           ^^^^^^^^^^^^^^^^^^^^^^^^^^^^^^^^^^^^^^^^^^^^^^^^^
  File "C:\Users\User\AppData\Local\Programs\Python\Python312\Lib\site-packages\starlette\concurrency.py", line 32, in run_in_threadpool
    return await anyio.to_thread.run_sync(func)
           ^^^^^^^^^^^^^^^^^^^^^^^^^^^^^^^^^^^^
  File "C:\Users\User\AppData\Local\Programs\Python\Python312\Lib\site-packages\anyio\to_thread.py", line 33, in run_sync
    return await get_asynclib().run_sync_in_worker_thread(
           ^^^^^^^^^^^^^^^^^^^^^^^^^^^^^^^^^^^^^^^^^^^^^^^
  File "C:\Users\User\AppData\Local\Programs\Python\Python312\Lib\site-packages\anyio\_backends\_asyncio.py", line 877, in run_sync_in_worker_thread
    return await future
           ^^^^^^^^^^^^
  File "C:\Users\User\AppData\Local\Programs\Python\Python312\Lib\site-packages\anyio\_backends\_asyncio.py", line 807, in run
    result = context.run(func, *args)
             ^^^^^^^^^^^^^^^^^^^^^^^^
  File "C:\VS_Code\MAGGxDND\backend\src\api\routers\login.py", line 66, in login_with_json
    user = auth_service.authenticate_user(db=db, username=request.username, password=request.password)
           ^^^^^^^^^^^^^^^^^^^^^^^^^^^^^^^^^^^^^^^^^^^^^^^^^^^^^^^^^^^^^^^^^^^^^^^^^^^^^^^^^^^^^^^^^^^
  File "C:\VS_Code\MAGGxDND\backend\src\services\auth.py", line 21, in authenticate_user
    db_user = user_repo.get_by_username(db, username=username)
              ^^^^^^^^^^^^^^^^^^^^^^^^^^^^^^^^^^^^^^^^^^^^^^^^
  File "C:\VS_Code\MAGGxDND\backend\src\repositories\user.py", line 12, in get_by_username
    return db.query(User).filter(User.username == username).first()
           ^^^^^^^^^^^^^^
  File "C:\Users\User\AppData\Local\Programs\Python\Python312\Lib\site-packages\sqlalchemy\orm\session.py", line 2941, in query
    return self._query_cls(entities, self, **kwargs)
           ^^^^^^^^^^^^^^^^^^^^^^^^^^^^^^^^^^^^^^^^^
  File "C:\Users\User\AppData\Local\Programs\Python\Python312\Lib\site-packages\sqlalchemy\orm\query.py", line 276, in __init__
    self._set_entities(entities)
  File "C:\Users\User\AppData\Local\Programs\Python\Python312\Lib\site-packages\sqlalchemy\orm\query.py", line 289, in _set_entities
    coercions.expect(
  File "C:\Users\User\AppData\Local\Programs\Python\Python312\Lib\site-packages\sqlalchemy\sql\coercions.py", line 389, in expect
    insp._post_inspect
  File "C:\Users\User\AppData\Local\Programs\Python\Python312\Lib\site-packages\sqlalchemy\util\langhelpers.py", line 1235, in __get__
    obj.__dict__[self.__name__] = result = self.fget(obj)
                                           ^^^^^^^^^^^^^^
  File "C:\Users\User\AppData\Local\Programs\Python\Python312\Lib\site-packages\sqlalchemy\orm\mapper.py", line 2733, in _post_inspect
    self._check_configure()
  File "C:\Users\User\AppData\Local\Programs\Python\Python312\Lib\site-packages\sqlalchemy\orm\mapper.py", line 2410, in _check_configure
    _configure_registries({self.registry}, cascade=True)
  File "C:\Users\User\AppData\Local\Programs\Python\Python312\Lib\site-packages\sqlalchemy\orm\mapper.py", line 4227, in _configure_registries
    _do_configure_registries(registries, cascade)
  File "C:\Users\User\AppData\Local\Programs\Python\Python312\Lib\site-packages\sqlalchemy\orm\mapper.py", line 4264, in _do_configure_registries
    raise e
sqlalchemy.exc.InvalidRequestError: One or more mappers failed to initialize - can't proceed with initialization of other mappers. Triggering mapper: 'Mapper[CompendiumComment(compendium_comments)]'. Original exception was: CompendiumComment.replies and back-reference CompendiumComment.parent are both of the same direction <RelationshipDirection.MANYTOONE: 2>.  Did you mean to set remote_side on the many-to-one side ?
2026-03-13 10:51:48 - main - [31mERROR[0m - [main.global_exception_handler:83] - Unhandled exception: When initializing mapper Mapper[User(users)], expression 'CompendiumEntry' failed to locate a name ('CompendiumEntry'). If this is a class name, consider adding this relationship() to the <class 'backend.src.models.user.User'> class after both dependent classes have been defined.
Traceback (most recent call last):
  File "C:\Users\User\AppData\Local\Programs\Python\Python312\Lib\site-packages\sqlalchemy\orm\clsregistry.py", line 516, in _resolve_name
    rval = d[token]
           ~^^^^^^^
  File "C:\Users\User\AppData\Local\Programs\Python\Python312\Lib\site-packages\sqlalchemy\util\_collections.py", line 340, in __missing__
    self[key] = val = self.creator(key)
                      ^^^^^^^^^^^^^^^^^
  File "C:\Users\User\AppData\Local\Programs\Python\Python312\Lib\site-packages\sqlalchemy\orm\clsregistry.py", line 484, in _access_cls
    return self.fallback[key]
           ~~~~~~~~~~~~~^^^^^
KeyError: 'CompendiumEntry'

The above exception was the direct cause of the following exception:

Traceback (most recent call last):
  File "C:\Users\User\AppData\Local\Programs\Python\Python312\Lib\site-packages\starlette\middleware\errors.py", line 164, in __call__
    await self.app(scope, receive, _send)
  File "C:\Users\User\AppData\Local\Programs\Python\Python312\Lib\site-packages\starlette\middleware\cors.py", line 87, in __call__
    await self.app(scope, receive, send)
  File "C:\Users\User\AppData\Local\Programs\Python\Python312\Lib\site-packages\starlette\middleware\base.py", line 198, in __call__
    raise app_exc
  File "C:\Users\User\AppData\Local\Programs\Python\Python312\Lib\site-packages\starlette\middleware\base.py", line 144, in coro
    await self.app(scope, receive_or_disconnect, send_no_error)
  File "C:\Users\User\AppData\Local\Programs\Python\Python312\Lib\site-packages\starlette\middleware\base.py", line 198, in __call__
    raise app_exc
  File "C:\Users\User\AppData\Local\Programs\Python\Python312\Lib\site-packages\starlette\middleware\base.py", line 144, in coro
    await self.app(scope, receive_or_disconnect, send_no_error)
  File "C:\Users\User\AppData\Local\Programs\Python\Python312\Lib\site-packages\starlette\middleware\exceptions.py", line 63, in __call__
    await wrap_app_handling_exceptions(self.app, conn)(scope, receive, send)
  File "C:\Users\User\AppData\Local\Programs\Python\Python312\Lib\site-packages\starlette\_exception_handler.py", line 53, in wrapped_app
    raise exc
  File "C:\Users\User\AppData\Local\Programs\Python\Python312\Lib\site-packages\starlette\_exception_handler.py", line 42, in wrapped_app
    await app(scope, receive, sender)
  File "C:\Users\User\AppData\Local\Programs\Python\Python312\Lib\site-packages\fastapi\middleware\asyncexitstack.py", line 18, in __call__
    await self.app(scope, receive, send)
  File "C:\Users\User\AppData\Local\Programs\Python\Python312\Lib\site-packages\starlette\routing.py", line 716, in __call__
    await self.middleware_stack(scope, receive, send)
  File "C:\Users\User\AppData\Local\Programs\Python\Python312\Lib\site-packages\starlette\routing.py", line 736, in app
    await route.handle(scope, receive, send)
  File "C:\Users\User\AppData\Local\Programs\Python\Python312\Lib\site-packages\starlette\routing.py", line 462, in handle
    await self.app(scope, receive, send)
  File "C:\Users\User\AppData\Local\Programs\Python\Python312\Lib\site-packages\fastapi\applications.py", line 1160, in __call__
    await super().__call__(scope, receive, send)
  File "C:\Users\User\AppData\Local\Programs\Python\Python312\Lib\site-packages\starlette\applications.py", line 107, in __call__
    await self.middleware_stack(scope, receive, send)
  File "C:\Users\User\AppData\Local\Programs\Python\Python312\Lib\site-packages\starlette\middleware\errors.py", line 186, in __call__
    raise exc
  File "C:\Users\User\AppData\Local\Programs\Python\Python312\Lib\site-packages\starlette\middleware\errors.py", line 164, in __call__
    await self.app(scope, receive, _send)
  File "C:\Users\User\AppData\Local\Programs\Python\Python312\Lib\site-packages\starlette\middleware\exceptions.py", line 63, in __call__
    await wrap_app_handling_exceptions(self.app, conn)(scope, receive, send)
  File "C:\Users\User\AppData\Local\Programs\Python\Python312\Lib\site-packages\starlette\_exception_handler.py", line 53, in wrapped_app
    raise exc
  File "C:\Users\User\AppData\Local\Programs\Python\Python312\Lib\site-packages\starlette\_exception_handler.py", line 42, in wrapped_app
    await app(scope, receive, sender)
  File "C:\Users\User\AppData\Local\Programs\Python\Python312\Lib\site-packages\fastapi\middleware\asyncexitstack.py", line 18, in __call__
    await self.app(scope, receive, send)
  File "C:\Users\User\AppData\Local\Programs\Python\Python312\Lib\site-packages\starlette\routing.py", line 716, in __call__
    await self.middleware_stack(scope, receive, send)
  File "C:\Users\User\AppData\Local\Programs\Python\Python312\Lib\site-packages\starlette\routing.py", line 736, in app
    await route.handle(scope, receive, send)
  File "C:\Users\User\AppData\Local\Programs\Python\Python312\Lib\site-packages\starlette\routing.py", line 290, in handle
    await self.app(scope, receive, send)
  File "C:\Users\User\AppData\Local\Programs\Python\Python312\Lib\site-packages\fastapi\routing.py", line 130, in app
    await wrap_app_handling_exceptions(app, request)(scope, receive, send)
  File "C:\Users\User\AppData\Local\Programs\Python\Python312\Lib\site-packages\starlette\_exception_handler.py", line 53, in wrapped_app
    raise exc
  File "C:\Users\User\AppData\Local\Programs\Python\Python312\Lib\site-packages\starlette\_exception_handler.py", line 42, in wrapped_app
    await app(scope, receive, sender)
  File "C:\Users\User\AppData\Local\Programs\Python\Python312\Lib\site-packages\fastapi\routing.py", line 116, in app
    response = await f(request)
               ^^^^^^^^^^^^^^^^
  File "C:\Users\User\AppData\Local\Programs\Python\Python312\Lib\site-packages\fastapi\routing.py", line 670, in app
    raw_response = await run_endpoint_function(
                   ^^^^^^^^^^^^^^^^^^^^^^^^^^^^
  File "C:\Users\User\AppData\Local\Programs\Python\Python312\Lib\site-packages\fastapi\routing.py", line 326, in run_endpoint_function
    return await run_in_threadpool(dependant.call, **values)
           ^^^^^^^^^^^^^^^^^^^^^^^^^^^^^^^^^^^^^^^^^^^^^^^^^
  File "C:\Users\User\AppData\Local\Programs\Python\Python312\Lib\site-packages\starlette\concurrency.py", line 32, in run_in_threadpool
    return await anyio.to_thread.run_sync(func)
           ^^^^^^^^^^^^^^^^^^^^^^^^^^^^^^^^^^^^
  File "C:\Users\User\AppData\Local\Programs\Python\Python312\Lib\site-packages\anyio\to_thread.py", line 33, in run_sync
    return await get_asynclib().run_sync_in_worker_thread(
           ^^^^^^^^^^^^^^^^^^^^^^^^^^^^^^^^^^^^^^^^^^^^^^^
  File "C:\Users\User\AppData\Local\Programs\Python\Python312\Lib\site-packages\anyio\_backends\_asyncio.py", line 877, in run_sync_in_worker_thread
    return await future
           ^^^^^^^^^^^^
  File "C:\Users\User\AppData\Local\Programs\Python\Python312\Lib\site-packages\anyio\_backends\_asyncio.py", line 807, in run
    result = context.run(func, *args)
             ^^^^^^^^^^^^^^^^^^^^^^^^
  File "C:\VS_Code\MAGGxDND\backend\src\api\routers\login.py", line 160, in register_user
    existing_user = user_repo.get_by_username(db, username=request.username)
                    ^^^^^^^^^^^^^^^^^^^^^^^^^^^^^^^^^^^^^^^^^^^^^^^^^^^^^^^^
  File "C:\VS_Code\MAGGxDND\backend\src\repositories\user.py", line 12, in get_by_username
    return db.query(User).filter(User.username == username).first()
           ^^^^^^^^^^^^^^
  File "C:\Users\User\AppData\Local\Programs\Python\Python312\Lib\site-packages\sqlalchemy\orm\session.py", line 2941, in query
    return self._query_cls(entities, self, **kwargs)
           ^^^^^^^^^^^^^^^^^^^^^^^^^^^^^^^^^^^^^^^^^
  File "C:\Users\User\AppData\Local\Programs\Python\Python312\Lib\site-packages\sqlalchemy\orm\query.py", line 276, in __init__
    self._set_entities(entities)
  File "C:\Users\User\AppData\Local\Programs\Python\Python312\Lib\site-packages\sqlalchemy\orm\query.py", line 289, in _set_entities
    coercions.expect(
  File "C:\Users\User\AppData\Local\Programs\Python\Python312\Lib\site-packages\sqlalchemy\sql\coercions.py", line 389, in expect
    insp._post_inspect
  File "C:\Users\User\AppData\Local\Programs\Python\Python312\Lib\site-packages\sqlalchemy\util\langhelpers.py", line 1235, in __get__
    obj.__dict__[self.__name__] = result = self.fget(obj)
                                           ^^^^^^^^^^^^^^
  File "C:\Users\User\AppData\Local\Programs\Python\Python312\Lib\site-packages\sqlalchemy\orm\mapper.py", line 2733, in _post_inspect
    self._check_configure()
  File "C:\Users\User\AppData\Local\Programs\Python\Python312\Lib\site-packages\sqlalchemy\orm\mapper.py", line 2410, in _check_configure
    _configure_registries({self.registry}, cascade=True)
  File "C:\Users\User\AppData\Local\Programs\Python\Python312\Lib\site-packages\sqlalchemy\orm\mapper.py", line 4227, in _configure_registries
    _do_configure_registries(registries, cascade)
  File "C:\Users\User\AppData\Local\Programs\Python\Python312\Lib\site-packages\sqlalchemy\orm\mapper.py", line 4268, in _do_configure_registries
    mapper._post_configure_properties()
  File "C:\Users\User\AppData\Local\Programs\Python\Python312\Lib\site-packages\sqlalchemy\orm\mapper.py", line 2427, in _post_configure_properties
    prop.init()
  File "C:\Users\User\AppData\Local\Programs\Python\Python312\Lib\site-packages\sqlalchemy\orm\interfaces.py", line 595, in init
    self.do_init()
  File "C:\Users\User\AppData\Local\Programs\Python\Python312\Lib\site-packages\sqlalchemy\orm\relationships.py", line 1655, in do_init
    self._setup_entity()
  File "C:\Users\User\AppData\Local\Programs\Python\Python312\Lib\site-packages\sqlalchemy\orm\relationships.py", line 1865, in _setup_entity
    self._clsregistry_resolve_name(argument)(),
    ^^^^^^^^^^^^^^^^^^^^^^^^^^^^^^^^^^^^^^^^^^
  File "C:\Users\User\AppData\Local\Programs\Python\Python312\Lib\site-packages\sqlalchemy\orm\clsregistry.py", line 520, in _resolve_name
    self._raise_for_name(name, err)
  File "C:\Users\User\AppData\Local\Programs\Python\Python312\Lib\site-packages\sqlalchemy\orm\clsregistry.py", line 501, in _raise_for_name
    raise exc.InvalidRequestError(
sqlalchemy.exc.InvalidRequestError: When initializing mapper Mapper[User(users)], expression 'CompendiumEntry' failed to locate a name ('CompendiumEntry'). If this is a class name, consider adding this relationship() to the <class 'backend.src.models.user.User'> class after both dependent classes have been defined.
2026-03-13 10:51:50 - main - [31mERROR[0m - [main.global_exception_handler:83] - Unhandled exception: One or more mappers failed to initialize - can't proceed with initialization of other mappers. Triggering mapper: 'Mapper[User(users)]'. Original exception was: When initializing mapper Mapper[User(users)], expression 'CompendiumEntry' failed to locate a name ('CompendiumEntry'). If this is a class name, consider adding this relationship() to the <class 'backend.src.models.user.User'> class after both dependent classes have been defined.
Traceback (most recent call last):
  File "C:\Users\User\AppData\Local\Programs\Python\Python312\Lib\site-packages\starlette\middleware\errors.py", line 164, in __call__
    await self.app(scope, receive, _send)
  File "C:\Users\User\AppData\Local\Programs\Python\Python312\Lib\site-packages\starlette\middleware\cors.py", line 87, in __call__
    await self.app(scope, receive, send)
  File "C:\Users\User\AppData\Local\Programs\Python\Python312\Lib\site-packages\starlette\middleware\base.py", line 198, in __call__
    raise app_exc
  File "C:\Users\User\AppData\Local\Programs\Python\Python312\Lib\site-packages\starlette\middleware\base.py", line 144, in coro
    await self.app(scope, receive_or_disconnect, send_no_error)
  File "C:\Users\User\AppData\Local\Programs\Python\Python312\Lib\site-packages\starlette\middleware\base.py", line 198, in __call__
    raise app_exc
  File "C:\Users\User\AppData\Local\Programs\Python\Python312\Lib\site-packages\starlette\middleware\base.py", line 144, in coro
    await self.app(scope, receive_or_disconnect, send_no_error)
  File "C:\Users\User\AppData\Local\Programs\Python\Python312\Lib\site-packages\starlette\middleware\exceptions.py", line 63, in __call__
    await wrap_app_handling_exceptions(self.app, conn)(scope, receive, send)
  File "C:\Users\User\AppData\Local\Programs\Python\Python312\Lib\site-packages\starlette\_exception_handler.py", line 53, in wrapped_app
    raise exc
  File "C:\Users\User\AppData\Local\Programs\Python\Python312\Lib\site-packages\starlette\_exception_handler.py", line 42, in wrapped_app
    await app(scope, receive, sender)
  File "C:\Users\User\AppData\Local\Programs\Python\Python312\Lib\site-packages\fastapi\middleware\asyncexitstack.py", line 18, in __call__
    await self.app(scope, receive, send)
  File "C:\Users\User\AppData\Local\Programs\Python\Python312\Lib\site-packages\starlette\routing.py", line 716, in __call__
    await self.middleware_stack(scope, receive, send)
  File "C:\Users\User\AppData\Local\Programs\Python\Python312\Lib\site-packages\starlette\routing.py", line 736, in app
    await route.handle(scope, receive, send)
  File "C:\Users\User\AppData\Local\Programs\Python\Python312\Lib\site-packages\starlette\routing.py", line 462, in handle
    await self.app(scope, receive, send)
  File "C:\Users\User\AppData\Local\Programs\Python\Python312\Lib\site-packages\fastapi\applications.py", line 1160, in __call__
    await super().__call__(scope, receive, send)
  File "C:\Users\User\AppData\Local\Programs\Python\Python312\Lib\site-packages\starlette\applications.py", line 107, in __call__
    await self.middleware_stack(scope, receive, send)
  File "C:\Users\User\AppData\Local\Programs\Python\Python312\Lib\site-packages\starlette\middleware\errors.py", line 186, in __call__
    raise exc
  File "C:\Users\User\AppData\Local\Programs\Python\Python312\Lib\site-packages\starlette\middleware\errors.py", line 164, in __call__
    await self.app(scope, receive, _send)
  File "C:\Users\User\AppData\Local\Programs\Python\Python312\Lib\site-packages\starlette\middleware\exceptions.py", line 63, in __call__
    await wrap_app_handling_exceptions(self.app, conn)(scope, receive, send)
  File "C:\Users\User\AppData\Local\Programs\Python\Python312\Lib\site-packages\starlette\_exception_handler.py", line 53, in wrapped_app
    raise exc
  File "C:\Users\User\AppData\Local\Programs\Python\Python312\Lib\site-packages\starlette\_exception_handler.py", line 42, in wrapped_app
    await app(scope, receive, sender)
  File "C:\Users\User\AppData\Local\Programs\Python\Python312\Lib\site-packages\fastapi\middleware\asyncexitstack.py", line 18, in __call__
    await self.app(scope, receive, send)
  File "C:\Users\User\AppData\Local\Programs\Python\Python312\Lib\site-packages\starlette\routing.py", line 716, in __call__
    await self.middleware_stack(scope, receive, send)
  File "C:\Users\User\AppData\Local\Programs\Python\Python312\Lib\site-packages\starlette\routing.py", line 736, in app
    await route.handle(scope, receive, send)
  File "C:\Users\User\AppData\Local\Programs\Python\Python312\Lib\site-packages\starlette\routing.py", line 290, in handle
    await self.app(scope, receive, send)
  File "C:\Users\User\AppData\Local\Programs\Python\Python312\Lib\site-packages\fastapi\routing.py", line 130, in app
    await wrap_app_handling_exceptions(app, request)(scope, receive, send)
  File "C:\Users\User\AppData\Local\Programs\Python\Python312\Lib\site-packages\starlette\_exception_handler.py", line 53, in wrapped_app
    raise exc
  File "C:\Users\User\AppData\Local\Programs\Python\Python312\Lib\site-packages\starlette\_exception_handler.py", line 42, in wrapped_app
    await app(scope, receive, sender)
  File "C:\Users\User\AppData\Local\Programs\Python\Python312\Lib\site-packages\fastapi\routing.py", line 116, in app
    response = await f(request)
               ^^^^^^^^^^^^^^^^
  File "C:\Users\User\AppData\Local\Programs\Python\Python312\Lib\site-packages\fastapi\routing.py", line 670, in app
    raw_response = await run_endpoint_function(
                   ^^^^^^^^^^^^^^^^^^^^^^^^^^^^
  File "C:\Users\User\AppData\Local\Programs\Python\Python312\Lib\site-packages\fastapi\routing.py", line 326, in run_endpoint_function
    return await run_in_threadpool(dependant.call, **values)
           ^^^^^^^^^^^^^^^^^^^^^^^^^^^^^^^^^^^^^^^^^^^^^^^^^
  File "C:\Users\User\AppData\Local\Programs\Python\Python312\Lib\site-packages\starlette\concurrency.py", line 32, in run_in_threadpool
    return await anyio.to_thread.run_sync(func)
           ^^^^^^^^^^^^^^^^^^^^^^^^^^^^^^^^^^^^
  File "C:\Users\User\AppData\Local\Programs\Python\Python312\Lib\site-packages\anyio\to_thread.py", line 33, in run_sync
    return await get_asynclib().run_sync_in_worker_thread(
           ^^^^^^^^^^^^^^^^^^^^^^^^^^^^^^^^^^^^^^^^^^^^^^^
  File "C:\Users\User\AppData\Local\Programs\Python\Python312\Lib\site-packages\anyio\_backends\_asyncio.py", line 877, in run_sync_in_worker_thread
    return await future
           ^^^^^^^^^^^^
  File "C:\Users\User\AppData\Local\Programs\Python\Python312\Lib\site-packages\anyio\_backends\_asyncio.py", line 807, in run
    result = context.run(func, *args)
             ^^^^^^^^^^^^^^^^^^^^^^^^
  File "C:\VS_Code\MAGGxDND\backend\src\api\routers\login.py", line 66, in login_with_json
    user = auth_service.authenticate_user(db=db, username=request.username, password=request.password)
           ^^^^^^^^^^^^^^^^^^^^^^^^^^^^^^^^^^^^^^^^^^^^^^^^^^^^^^^^^^^^^^^^^^^^^^^^^^^^^^^^^^^^^^^^^^^
  File "C:\VS_Code\MAGGxDND\backend\src\services\auth.py", line 21, in authenticate_user
    db_user = user_repo.get_by_username(db, username=username)
              ^^^^^^^^^^^^^^^^^^^^^^^^^^^^^^^^^^^^^^^^^^^^^^^^
  File "C:\VS_Code\MAGGxDND\backend\src\repositories\user.py", line 12, in get_by_username
    return db.query(User).filter(User.username == username).first()
           ^^^^^^^^^^^^^^
  File "C:\Users\User\AppData\Local\Programs\Python\Python312\Lib\site-packages\sqlalchemy\orm\session.py", line 2941, in query
    return self._query_cls(entities, self, **kwargs)
           ^^^^^^^^^^^^^^^^^^^^^^^^^^^^^^^^^^^^^^^^^
  File "C:\Users\User\AppData\Local\Programs\Python\Python312\Lib\site-packages\sqlalchemy\orm\query.py", line 276, in __init__
    self._set_entities(entities)
  File "C:\Users\User\AppData\Local\Programs\Python\Python312\Lib\site-packages\sqlalchemy\orm\query.py", line 289, in _set_entities
    coercions.expect(
  File "C:\Users\User\AppData\Local\Programs\Python\Python312\Lib\site-packages\sqlalchemy\sql\coercions.py", line 389, in expect
    insp._post_inspect
  File "C:\Users\User\AppData\Local\Programs\Python\Python312\Lib\site-packages\sqlalchemy\util\langhelpers.py", line 1235, in __get__
    obj.__dict__[self.__name__] = result = self.fget(obj)
                                           ^^^^^^^^^^^^^^
  File "C:\Users\User\AppData\Local\Programs\Python\Python312\Lib\site-packages\sqlalchemy\orm\mapper.py", line 2733, in _post_inspect
    self._check_configure()
  File "C:\Users\User\AppData\Local\Programs\Python\Python312\Lib\site-packages\sqlalchemy\orm\mapper.py", line 2410, in _check_configure
    _configure_registries({self.registry}, cascade=True)
  File "C:\Users\User\AppData\Local\Programs\Python\Python312\Lib\site-packages\sqlalchemy\orm\mapper.py", line 4227, in _configure_registries
    _do_configure_registries(registries, cascade)
  File "C:\Users\User\AppData\Local\Programs\Python\Python312\Lib\site-packages\sqlalchemy\orm\mapper.py", line 4264, in _do_configure_registries
    raise e
sqlalchemy.exc.InvalidRequestError: One or more mappers failed to initialize - can't proceed with initialization of other mappers. Triggering mapper: 'Mapper[User(users)]'. Original exception was: When initializing mapper Mapper[User(users)], expression 'CompendiumEntry' failed to locate a name ('CompendiumEntry'). If this is a class name, consider adding this relationship() to the <class 'backend.src.models.user.User'> class after both dependent classes have been defined.
2026-03-13 10:52:47 - main - [31mERROR[0m - [main.global_exception_handler:83] - Unhandled exception: 'UserRepository' object has no attribute 'create_user'
Traceback (most recent call last):
  File "C:\Users\User\AppData\Local\Programs\Python\Python312\Lib\site-packages\starlette\middleware\errors.py", line 164, in __call__
    await self.app(scope, receive, _send)
  File "C:\Users\User\AppData\Local\Programs\Python\Python312\Lib\site-packages\starlette\middleware\cors.py", line 87, in __call__
    await self.app(scope, receive, send)
  File "C:\Users\User\AppData\Local\Programs\Python\Python312\Lib\site-packages\starlette\middleware\base.py", line 198, in __call__
    raise app_exc
  File "C:\Users\User\AppData\Local\Programs\Python\Python312\Lib\site-packages\starlette\middleware\base.py", line 144, in coro
    await self.app(scope, receive_or_disconnect, send_no_error)
  File "C:\Users\User\AppData\Local\Programs\Python\Python312\Lib\site-packages\starlette\middleware\base.py", line 198, in __call__
    raise app_exc
  File "C:\Users\User\AppData\Local\Programs\Python\Python312\Lib\site-packages\starlette\middleware\base.py", line 144, in coro
    await self.app(scope, receive_or_disconnect, send_no_error)
  File "C:\Users\User\AppData\Local\Programs\Python\Python312\Lib\site-packages\starlette\middleware\exceptions.py", line 63, in __call__
    await wrap_app_handling_exceptions(self.app, conn)(scope, receive, send)
  File "C:\Users\User\AppData\Local\Programs\Python\Python312\Lib\site-packages\starlette\_exception_handler.py", line 53, in wrapped_app
    raise exc
  File "C:\Users\User\AppData\Local\Programs\Python\Python312\Lib\site-packages\starlette\_exception_handler.py", line 42, in wrapped_app
    await app(scope, receive, sender)
  File "C:\Users\User\AppData\Local\Programs\Python\Python312\Lib\site-packages\fastapi\middleware\asyncexitstack.py", line 18, in __call__
    await self.app(scope, receive, send)
  File "C:\Users\User\AppData\Local\Programs\Python\Python312\Lib\site-packages\starlette\routing.py", line 716, in __call__
    await self.middleware_stack(scope, receive, send)
  File "C:\Users\User\AppData\Local\Programs\Python\Python312\Lib\site-packages\starlette\routing.py", line 736, in app
    await route.handle(scope, receive, send)
  File "C:\Users\User\AppData\Local\Programs\Python\Python312\Lib\site-packages\starlette\routing.py", line 462, in handle
    await self.app(scope, receive, send)
  File "C:\Users\User\AppData\Local\Programs\Python\Python312\Lib\site-packages\fastapi\applications.py", line 1160, in __call__
    await super().__call__(scope, receive, send)
  File "C:\Users\User\AppData\Local\Programs\Python\Python312\Lib\site-packages\starlette\applications.py", line 107, in __call__
    await self.middleware_stack(scope, receive, send)
  File "C:\Users\User\AppData\Local\Programs\Python\Python312\Lib\site-packages\starlette\middleware\errors.py", line 186, in __call__
    raise exc
  File "C:\Users\User\AppData\Local\Programs\Python\Python312\Lib\site-packages\starlette\middleware\errors.py", line 164, in __call__
    await self.app(scope, receive, _send)
  File "C:\Users\User\AppData\Local\Programs\Python\Python312\Lib\site-packages\starlette\middleware\exceptions.py", line 63, in __call__
    await wrap_app_handling_exceptions(self.app, conn)(scope, receive, send)
  File "C:\Users\User\AppData\Local\Programs\Python\Python312\Lib\site-packages\starlette\_exception_handler.py", line 53, in wrapped_app
    raise exc
  File "C:\Users\User\AppData\Local\Programs\Python\Python312\Lib\site-packages\starlette\_exception_handler.py", line 42, in wrapped_app
    await app(scope, receive, sender)
  File "C:\Users\User\AppData\Local\Programs\Python\Python312\Lib\site-packages\fastapi\middleware\asyncexitstack.py", line 18, in __call__
    await self.app(scope, receive, send)
  File "C:\Users\User\AppData\Local\Programs\Python\Python312\Lib\site-packages\starlette\routing.py", line 716, in __call__
    await self.middleware_stack(scope, receive, send)
  File "C:\Users\User\AppData\Local\Programs\Python\Python312\Lib\site-packages\starlette\routing.py", line 736, in app
    await route.handle(scope, receive, send)
  File "C:\Users\User\AppData\Local\Programs\Python\Python312\Lib\site-packages\starlette\routing.py", line 290, in handle
    await self.app(scope, receive, send)
  File "C:\Users\User\AppData\Local\Programs\Python\Python312\Lib\site-packages\fastapi\routing.py", line 130, in app
    await wrap_app_handling_exceptions(app, request)(scope, receive, send)
  File "C:\Users\User\AppData\Local\Programs\Python\Python312\Lib\site-packages\starlette\_exception_handler.py", line 53, in wrapped_app
    raise exc
  File "C:\Users\User\AppData\Local\Programs\Python\Python312\Lib\site-packages\starlette\_exception_handler.py", line 42, in wrapped_app
    await app(scope, receive, sender)
  File "C:\Users\User\AppData\Local\Programs\Python\Python312\Lib\site-packages\fastapi\routing.py", line 116, in app
    response = await f(request)
               ^^^^^^^^^^^^^^^^
  File "C:\Users\User\AppData\Local\Programs\Python\Python312\Lib\site-packages\fastapi\routing.py", line 670, in app
    raw_response = await run_endpoint_function(
                   ^^^^^^^^^^^^^^^^^^^^^^^^^^^^
  File "C:\Users\User\AppData\Local\Programs\Python\Python312\Lib\site-packages\fastapi\routing.py", line 326, in run_endpoint_function
    return await run_in_threadpool(dependant.call, **values)
           ^^^^^^^^^^^^^^^^^^^^^^^^^^^^^^^^^^^^^^^^^^^^^^^^^
  File "C:\Users\User\AppData\Local\Programs\Python\Python312\Lib\site-packages\starlette\concurrency.py", line 32, in run_in_threadpool
    return await anyio.to_thread.run_sync(func)
           ^^^^^^^^^^^^^^^^^^^^^^^^^^^^^^^^^^^^
  File "C:\Users\User\AppData\Local\Programs\Python\Python312\Lib\site-packages\anyio\to_thread.py", line 33, in run_sync
    return await get_asynclib().run_sync_in_worker_thread(
           ^^^^^^^^^^^^^^^^^^^^^^^^^^^^^^^^^^^^^^^^^^^^^^^
  File "C:\Users\User\AppData\Local\Programs\Python\Python312\Lib\site-packages\anyio\_backends\_asyncio.py", line 877, in run_sync_in_worker_thread
    return await future
           ^^^^^^^^^^^^
  File "C:\Users\User\AppData\Local\Programs\Python\Python312\Lib\site-packages\anyio\_backends\_asyncio.py", line 807, in run
    result = context.run(func, *args)
             ^^^^^^^^^^^^^^^^^^^^^^^^
  File "C:\VS_Code\MAGGxDND\backend\src\api\routers\login.py", line 169, in register_user
    new_user = user_repo.create_user(
               ^^^^^^^^^^^^^^^^^^^^^
AttributeError: 'UserRepository' object has no attribute 'create_user'
2026-03-13 16:01:21 - backend.src.api.routers.session_router.delivery - [31mERROR[0m - [rest_api_delivery.process_player_action:200] - [fcb181cc-b3bd-4f5c-8479-4a89ba7f37ed] Error processing action: type object 'EventTypes' has no attribute 'NARRATION'
Traceback (most recent call last):
  File "C:\VS_Code\MAGGxDND\backend\src\delivery\rest_api_delivery.py", line 186, in process_player_action
    self.master_message(dm_response)
  File "C:\VS_Code\MAGGxDND\backend\src\delivery\rest_api_delivery.py", line 63, in master_message
    event_type=EventTypes.NARRATION,
               ^^^^^^^^^^^^^^^^^^^^
AttributeError: type object 'EventTypes' has no attribute 'NARRATION'
2026-03-13 16:48:55 - backend.src.api.routers.session_router.delivery - [31mERROR[0m - [rest_api_delivery.process_player_action:200] - [6631540e-eb8d-4a2d-b6da-cd4140aa49f7] Error processing action: type object 'EventTypes' has no attribute 'NARRATION'
Traceback (most recent call last):
  File "C:\VS_Code\MAGGxDND\backend\src\delivery\rest_api_delivery.py", line 186, in process_player_action
    self.master_message(dm_response)
  File "C:\VS_Code\MAGGxDND\backend\src\delivery\rest_api_delivery.py", line 63, in master_message
    event_type=EventTypes.NARRATION,
               ^^^^^^^^^^^^^^^^^^^^
AttributeError: type object 'EventTypes' has no attribute 'NARRATION'
2026-03-15 23:11:54 - backend.src.api.routers.session_router - [31mERROR[0m - [session_router.create_session:289] - ❌ Exception: [Errno 13] Permission denied: 'c:\\фывап.log'
2026-03-16 15:47:38 - backend.src.api.routers.session_router - [31mERROR[0m - [session_router.create_session:301] - ❌ Exception: [Errno 2] No such file or directory: 'prompts/plot_generation.md'
2026-03-16 15:47:58 - session.Test Session 1773665276.2624447 - [31mERROR[0m - [google_gen.complete:129] - Google API Error: 400 User location is not supported for the API use.
2026-03-16 15:47:58 - session.Test Session 1773665276.2624447 - [31mERROR[0m - [generator.generate_one_shot:157] - Unexpected error: 400 User location is not supported for the API use.
2026-03-16 15:48:00 - session.Test Session 1773665276.2624447 - [31mERROR[0m - [google_gen.complete:129] - Google API Error: 400 User location is not supported for the API use.
2026-03-16 15:48:00 - session.Test Session 1773665276.2624447 - [31mERROR[0m - [generator.generate_one_shot:157] - Unexpected error: 400 User location is not supported for the API use.
2026-03-16 15:48:01 - session.Test Session 1773665276.2624447 - [31mERROR[0m - [google_gen.complete:129] - Google API Error: 400 User location is not supported for the API use.
2026-03-16 15:48:01 - session.Test Session 1773665276.2624447 - [31mERROR[0m - [generator.generate_one_shot:157] - Unexpected error: 400 User location is not supported for the API use.
2026-03-16 15:48:02 - session.Test Session 1773665276.2624447 - [31mERROR[0m - [google_gen.complete:129] - Google API Error: 400 User location is not supported for the API use.
2026-03-16 15:48:02 - session.Test Session 1773665276.2624447 - [31mERROR[0m - [generator.generate_one_shot:157] - Unexpected error: 400 User location is not supported for the API use.
2026-03-16 15:48:03 - session.Test Session 1773665276.2624447 - [31mERROR[0m - [google_gen.complete:129] - Google API Error: 400 User location is not supported for the API use.
2026-03-16 15:48:03 - session.Test Session 1773665276.2624447 - [31mERROR[0m - [generator.generate_one_shot:157] - Unexpected error: 400 User location is not supported for the API use.
2026-03-16 15:48:04 - session.Test Session 1773665276.2624447 - [31mERROR[0m - [google_gen.complete:129] - Google API Error: 400 User location is not supported for the API use.
2026-03-16 15:48:04 - session.Test Session 1773665276.2624447 - [31mERROR[0m - [generator.generate_one_shot:157] - Unexpected error: 400 User location is not supported for the API use.
2026-03-16 15:48:06 - session.Test Session 1773665276.2624447 - [31mERROR[0m - [google_gen.complete:129] - Google API Error: 400 User location is not supported for the API use.
2026-03-16 15:48:06 - session.Test Session 1773665276.2624447 - [31mERROR[0m - [generator.generate_one_shot:157] - Unexpected error: 400 User location is not supported for the API use.
2026-03-16 15:48:07 - session.Test Session 1773665276.2624447 - [31mERROR[0m - [google_gen.complete:129] - Google API Error: 400 User location is not supported for the API use.
2026-03-16 15:48:07 - session.Test Session 1773665276.2624447 - [31mERROR[0m - [generator.generate_one_shot:157] - Unexpected error: 400 User location is not supported for the API use.
2026-03-16 15:48:08 - backend.src.api.routers.session_router - [31mERROR[0m - [session_router.create_session:301] - ❌ Exception: Failed to generate valid Plot after 8 attempts.
2026-03-16 15:49:01 - session.Test Session 1773665338.6799269 - [31mERROR[0m - [google_gen.complete:129] - Google API Error: 400 User location is not supported for the API use.
2026-03-16 15:49:01 - session.Test Session 1773665338.6799269 - [31mERROR[0m - [generator.generate_one_shot:157] - Unexpected error: 400 User location is not supported for the API use.
2026-03-16 15:49:02 - session.Test Session 1773665338.6799269 - [31mERROR[0m - [google_gen.complete:129] - Google API Error: 400 User location is not supported for the API use.
2026-03-16 15:49:02 - session.Test Session 1773665338.6799269 - [31mERROR[0m - [generator.generate_one_shot:157] - Unexpected error: 400 User location is not supported for the API use.
2026-03-16 15:49:03 - session.Test Session 1773665338.6799269 - [31mERROR[0m - [google_gen.complete:129] - Google API Error: 400 User location is not supported for the API use.
2026-03-16 15:49:03 - session.Test Session 1773665338.6799269 - [31mERROR[0m - [generator.generate_one_shot:157] - Unexpected error: 400 User location is not supported for the API use.
2026-03-16 15:49:05 - session.Test Session 1773665338.6799269 - [31mERROR[0m - [google_gen.complete:129] - Google API Error: 400 User location is not supported for the API use.
2026-03-16 15:49:05 - session.Test Session 1773665338.6799269 - [31mERROR[0m - [generator.generate_one_shot:157] - Unexpected error: 400 User location is not supported for the API use.
2026-03-16 15:49:06 - session.Test Session 1773665338.6799269 - [31mERROR[0m - [google_gen.complete:129] - Google API Error: 400 User location is not supported for the API use.
2026-03-16 15:49:06 - session.Test Session 1773665338.6799269 - [31mERROR[0m - [generator.generate_one_shot:157] - Unexpected error: 400 User location is not supported for the API use.
2026-03-16 15:49:07 - session.Test Session 1773665338.6799269 - [31mERROR[0m - [google_gen.complete:129] - Google API Error: 400 User location is not supported for the API use.
2026-03-16 15:49:07 - session.Test Session 1773665338.6799269 - [31mERROR[0m - [generator.generate_one_shot:157] - Unexpected error: 400 User location is not supported for the API use.
2026-03-16 15:49:08 - session.Test Session 1773665338.6799269 - [31mERROR[0m - [google_gen.complete:129] - Google API Error: 400 User location is not supported for the API use.
2026-03-16 15:49:08 - session.Test Session 1773665338.6799269 - [31mERROR[0m - [generator.generate_one_shot:157] - Unexpected error: 400 User location is not supported for the API use.
2026-03-16 15:49:09 - session.Test Session 1773665338.6799269 - [31mERROR[0m - [google_gen.complete:129] - Google API Error: 400 User location is not supported for the API use.
2026-03-16 15:49:09 - session.Test Session 1773665338.6799269 - [31mERROR[0m - [generator.generate_one_shot:157] - Unexpected error: 400 User location is not supported for the API use.
2026-03-16 15:49:10 - backend.src.api.routers.session_router - [31mERROR[0m - [session_router.create_session:301] - ❌ Exception: Failed to generate valid Plot after 8 attempts.
2026-03-16 17:51:09 - main - [31mERROR[0m - [main.health_ready:152] - Readiness check failed: cannot import name 'get_db' from 'backend.src.database' (C:\VS_Code\MAGGxDND\backend\src\database\__init__.py)
2026-03-16 17:51:45 - main - [31mERROR[0m - [main.health_ready:152] - Readiness check failed: cannot import name 'get_db' from 'backend.src.database' (C:\VS_Code\MAGGxDND\backend\src\database\__init__.py)
2026-03-16 17:52:13 - main - [31mERROR[0m - [main.health_ready:152] - Readiness check failed: cannot import name 'get_db' from 'backend.src.database' (C:\VS_Code\MAGGxDND\backend\src\database\__init__.py)
2026-03-16 17:54:55 - main - [31mERROR[0m - [main.health_ready:152] - Readiness check failed: cannot import name 'get_db' from 'backend.src.database' (C:\VS_Code\MAGGxDND\backend\src\database\__init__.py)
2026-03-16 17:55:40 - main - [31mERROR[0m - [main.health_ready:152] - Readiness check failed: cannot import name 'get_db' from 'backend.src.database' (C:\VS_Code\MAGGxDND\backend\src\database\__init__.py)
2026-03-16 17:57:48 - main - [31mERROR[0m - [main.health_ready:152] - Readiness check failed: cannot import name 'get_db' from 'backend.src.database' (C:\VS_Code\MAGGxDND\backend\src\database\__init__.py)
2026-03-16 18:00:06 - main - [31mERROR[0m - [main.health_ready:152] - Readiness check failed: cannot import name 'get_db' from 'backend.src.database' (C:\VS_Code\MAGGxDND\backend\src\database\__init__.py)
2026-03-16 18:02:13 - main - [31mERROR[0m - [main.health_ready:152] - Readiness check failed: cannot import name 'get_db' from 'backend.src.database' (C:\VS_Code\MAGGxDND\backend\src\database\__init__.py)
2026-03-16 18:03:47 - main - [31mERROR[0m - [main.health_ready:152] - Readiness check failed: cannot import name 'get_db' from 'backend.src.database' (C:\VS_Code\MAGGxDND\backend\src\database\__init__.py)
2026-03-16 18:05:24 - main - [31mERROR[0m - [main.health_ready:152] - Readiness check failed: cannot import name 'get_db' from 'backend.src.database' (C:\VS_Code\MAGGxDND\backend\src\database\__init__.py)
2026-03-16 18:07:05 - main - [31mERROR[0m - [main.health_ready:152] - Readiness check failed: cannot import name 'get_db' from 'backend.src.database' (C:\VS_Code\MAGGxDND\backend\src\database\__init__.py)
2026-03-17 16:42:58 - backend.src.api.routers.session_router - [31mERROR[0m - [session_router.start_session:477] - [START] Session dbba49ba-1d5e-4f54-92e5-1e6b010bc932 not found in active_game_sessions
2026-03-24 11:13:14 - main - [31mERROR[0m - [main.global_exception_handler:83] - Unhandled exception: name 'logger' is not defined
Traceback (most recent call last):
  File "C:\VS_Code\MAGGxDND\backend\src\api\routers\session_router.py", line 1443, in ai_initialize_session
    logger.info(f"[AI-INIT] Session {session_id} created")
    ^^^^^^
NameError: name 'logger' is not defined

During handling of the above exception, another exception occurred:

Traceback (most recent call last):
  File "C:\Users\User\AppData\Local\Programs\Python\Python312\Lib\site-packages\starlette\middleware\errors.py", line 164, in __call__
    await self.app(scope, receive, _send)
  File "C:\Users\User\AppData\Local\Programs\Python\Python312\Lib\site-packages\starlette\middleware\cors.py", line 95, in __call__
    await self.simple_response(scope, receive, send, request_headers=headers)
  File "C:\Users\User\AppData\Local\Programs\Python\Python312\Lib\site-packages\starlette\middleware\cors.py", line 153, in simple_response
    await self.app(scope, receive, send)
  File "C:\Users\User\AppData\Local\Programs\Python\Python312\Lib\site-packages\starlette\middleware\base.py", line 198, in __call__
    raise app_exc
  File "C:\Users\User\AppData\Local\Programs\Python\Python312\Lib\site-packages\starlette\middleware\base.py", line 144, in coro
    await self.app(scope, receive_or_disconnect, send_no_error)
  File "C:\Users\User\AppData\Local\Programs\Python\Python312\Lib\site-packages\starlette\middleware\base.py", line 198, in __call__
    raise app_exc
  File "C:\Users\User\AppData\Local\Programs\Python\Python312\Lib\site-packages\starlette\middleware\base.py", line 144, in coro
    await self.app(scope, receive_or_disconnect, send_no_error)
  File "C:\Users\User\AppData\Local\Programs\Python\Python312\Lib\site-packages\starlette\middleware\exceptions.py", line 63, in __call__
    await wrap_app_handling_exceptions(self.app, conn)(scope, receive, send)
  File "C:\Users\User\AppData\Local\Programs\Python\Python312\Lib\site-packages\starlette\_exception_handler.py", line 53, in wrapped_app
    raise exc
  File "C:\Users\User\AppData\Local\Programs\Python\Python312\Lib\site-packages\starlette\_exception_handler.py", line 42, in wrapped_app
    await app(scope, receive, sender)
  File "C:\Users\User\AppData\Local\Programs\Python\Python312\Lib\site-packages\fastapi\middleware\asyncexitstack.py", line 18, in __call__
    await self.app(scope, receive, send)
  File "C:\Users\User\AppData\Local\Programs\Python\Python312\Lib\site-packages\starlette\routing.py", line 716, in __call__
    await self.middleware_stack(scope, receive, send)
  File "C:\Users\User\AppData\Local\Programs\Python\Python312\Lib\site-packages\starlette\routing.py", line 736, in app
    await route.handle(scope, receive, send)
  File "C:\Users\User\AppData\Local\Programs\Python\Python312\Lib\site-packages\starlette\routing.py", line 462, in handle
    await self.app(scope, receive, send)
  File "C:\Users\User\AppData\Local\Programs\Python\Python312\Lib\site-packages\fastapi\applications.py", line 1160, in __call__
    await super().__call__(scope, receive, send)
  File "C:\Users\User\AppData\Local\Programs\Python\Python312\Lib\site-packages\starlette\applications.py", line 107, in __call__
    await self.middleware_stack(scope, receive, send)
  File "C:\Users\User\AppData\Local\Programs\Python\Python312\Lib\site-packages\starlette\middleware\errors.py", line 186, in __call__
    raise exc
  File "C:\Users\User\AppData\Local\Programs\Python\Python312\Lib\site-packages\starlette\middleware\errors.py", line 164, in __call__
    await self.app(scope, receive, _send)
  File "C:\Users\User\AppData\Local\Programs\Python\Python312\Lib\site-packages\starlette\middleware\exceptions.py", line 63, in __call__
    await wrap_app_handling_exceptions(self.app, conn)(scope, receive, send)
  File "C:\Users\User\AppData\Local\Programs\Python\Python312\Lib\site-packages\starlette\_exception_handler.py", line 53, in wrapped_app
    raise exc
  File "C:\Users\User\AppData\Local\Programs\Python\Python312\Lib\site-packages\starlette\_exception_handler.py", line 42, in wrapped_app
    await app(scope, receive, sender)
  File "C:\Users\User\AppData\Local\Programs\Python\Python312\Lib\site-packages\fastapi\middleware\asyncexitstack.py", line 18, in __call__
    await self.app(scope, receive, send)
  File "C:\Users\User\AppData\Local\Programs\Python\Python312\Lib\site-packages\starlette\routing.py", line 716, in __call__
    await self.middleware_stack(scope, receive, send)
  File "C:\Users\User\AppData\Local\Programs\Python\Python312\Lib\site-packages\starlette\routing.py", line 736, in app
    await route.handle(scope, receive, send)
  File "C:\Users\User\AppData\Local\Programs\Python\Python312\Lib\site-packages\starlette\routing.py", line 290, in handle
    await self.app(scope, receive, send)
  File "C:\Users\User\AppData\Local\Programs\Python\Python312\Lib\site-packages\fastapi\routing.py", line 130, in app
    await wrap_app_handling_exceptions(app, request)(scope, receive, send)
  File "C:\Users\User\AppData\Local\Programs\Python\Python312\Lib\site-packages\starlette\_exception_handler.py", line 53, in wrapped_app
    raise exc
  File "C:\Users\User\AppData\Local\Programs\Python\Python312\Lib\site-packages\starlette\_exception_handler.py", line 42, in wrapped_app
    await app(scope, receive, sender)
  File "C:\Users\User\AppData\Local\Programs\Python\Python312\Lib\site-packages\fastapi\routing.py", line 116, in app
    response = await f(request)
               ^^^^^^^^^^^^^^^^
  File "C:\Users\User\AppData\Local\Programs\Python\Python312\Lib\site-packages\fastapi\routing.py", line 670, in app
    raw_response = await run_endpoint_function(
                   ^^^^^^^^^^^^^^^^^^^^^^^^^^^^
  File "C:\Users\User\AppData\Local\Programs\Python\Python312\Lib\site-packages\fastapi\routing.py", line 324, in run_endpoint_function
    return await dependant.call(**values)
           ^^^^^^^^^^^^^^^^^^^^^^^^^^^^^^
  File "C:\VS_Code\MAGGxDND\backend\src\api\routers\session_router.py", line 1445, in ai_initialize_session
    logger.error(f"[AI-INIT] Failed to create session: {e}")
    ^^^^^^
NameError: name 'logger' is not defined
2026-03-24 16:14:32 - main - [31mERROR[0m - [main.global_exception_handler:83] - Unhandled exception: name 'logger' is not defined
Traceback (most recent call last):
  File "C:\VS_Code\MAGGxDND\backend\src\api\routers\session_router.py", line 1443, in ai_initialize_session
    logger.info(f"[AI-INIT] Session {session_id} created")
    ^^^^^^
NameError: name 'logger' is not defined

During handling of the above exception, another exception occurred:

Traceback (most recent call last):
  File "C:\Users\User\AppData\Local\Programs\Python\Python312\Lib\site-packages\starlette\middleware\errors.py", line 164, in __call__
    await self.app(scope, receive, _send)
  File "C:\Users\User\AppData\Local\Programs\Python\Python312\Lib\site-packages\starlette\middleware\cors.py", line 95, in __call__
    await self.simple_response(scope, receive, send, request_headers=headers)
  File "C:\Users\User\AppData\Local\Programs\Python\Python312\Lib\site-packages\starlette\middleware\cors.py", line 153, in simple_response
    await self.app(scope, receive, send)
  File "C:\Users\User\AppData\Local\Programs\Python\Python312\Lib\site-packages\starlette\middleware\base.py", line 198, in __call__
    raise app_exc
  File "C:\Users\User\AppData\Local\Programs\Python\Python312\Lib\site-packages\starlette\middleware\base.py", line 144, in coro
    await self.app(scope, receive_or_disconnect, send_no_error)
  File "C:\Users\User\AppData\Local\Programs\Python\Python312\Lib\site-packages\starlette\middleware\base.py", line 198, in __call__
    raise app_exc
  File "C:\Users\User\AppData\Local\Programs\Python\Python312\Lib\site-packages\starlette\middleware\base.py", line 144, in coro
    await self.app(scope, receive_or_disconnect, send_no_error)
  File "C:\Users\User\AppData\Local\Programs\Python\Python312\Lib\site-packages\starlette\middleware\exceptions.py", line 63, in __call__
    await wrap_app_handling_exceptions(self.app, conn)(scope, receive, send)
  File "C:\Users\User\AppData\Local\Programs\Python\Python312\Lib\site-packages\starlette\_exception_handler.py", line 53, in wrapped_app
    raise exc
  File "C:\Users\User\AppData\Local\Programs\Python\Python312\Lib\site-packages\starlette\_exception_handler.py", line 42, in wrapped_app
    await app(scope, receive, sender)
  File "C:\Users\User\AppData\Local\Programs\Python\Python312\Lib\site-packages\fastapi\middleware\asyncexitstack.py", line 18, in __call__
    await self.app(scope, receive, send)
  File "C:\Users\User\AppData\Local\Programs\Python\Python312\Lib\site-packages\starlette\routing.py", line 716, in __call__
    await self.middleware_stack(scope, receive, send)
  File "C:\Users\User\AppData\Local\Programs\Python\Python312\Lib\site-packages\starlette\routing.py", line 736, in app
    await route.handle(scope, receive, send)
  File "C:\Users\User\AppData\Local\Programs\Python\Python312\Lib\site-packages\starlette\routing.py", line 462, in handle
    await self.app(scope, receive, send)
  File "C:\Users\User\AppData\Local\Programs\Python\Python312\Lib\site-packages\fastapi\applications.py", line 1160, in __call__
    await super().__call__(scope, receive, send)
  File "C:\Users\User\AppData\Local\Programs\Python\Python312\Lib\site-packages\starlette\applications.py", line 107, in __call__
    await self.middleware_stack(scope, receive, send)
  File "C:\Users\User\AppData\Local\Programs\Python\Python312\Lib\site-packages\starlette\middleware\errors.py", line 186, in __call__
    raise exc
  File "C:\Users\User\AppData\Local\Programs\Python\Python312\Lib\site-packages\starlette\middleware\errors.py", line 164, in __call__
    await self.app(scope, receive, _send)
  File "C:\Users\User\AppData\Local\Programs\Python\Python312\Lib\site-packages\starlette\middleware\exceptions.py", line 63, in __call__
    await wrap_app_handling_exceptions(self.app, conn)(scope, receive, send)
  File "C:\Users\User\AppData\Local\Programs\Python\Python312\Lib\site-packages\starlette\_exception_handler.py", line 53, in wrapped_app
    raise exc
  File "C:\Users\User\AppData\Local\Programs\Python\Python312\Lib\site-packages\starlette\_exception_handler.py", line 42, in wrapped_app
    await app(scope, receive, sender)
  File "C:\Users\User\AppData\Local\Programs\Python\Python312\Lib\site-packages\fastapi\middleware\asyncexitstack.py", line 18, in __call__
    await self.app(scope, receive, send)
  File "C:\Users\User\AppData\Local\Programs\Python\Python312\Lib\site-packages\starlette\routing.py", line 716, in __call__
    await self.middleware_stack(scope, receive, send)
  File "C:\Users\User\AppData\Local\Programs\Python\Python312\Lib\site-packages\starlette\routing.py", line 736, in app
    await route.handle(scope, receive, send)
  File "C:\Users\User\AppData\Local\Programs\Python\Python312\Lib\site-packages\starlette\routing.py", line 290, in handle
    await self.app(scope, receive, send)
  File "C:\Users\User\AppData\Local\Programs\Python\Python312\Lib\site-packages\fastapi\routing.py", line 130, in app
    await wrap_app_handling_exceptions(app, request)(scope, receive, send)
  File "C:\Users\User\AppData\Local\Programs\Python\Python312\Lib\site-packages\starlette\_exception_handler.py", line 53, in wrapped_app
    raise exc
  File "C:\Users\User\AppData\Local\Programs\Python\Python312\Lib\site-packages\starlette\_exception_handler.py", line 42, in wrapped_app
    await app(scope, receive, sender)
  File "C:\Users\User\AppData\Local\Programs\Python\Python312\Lib\site-packages\fastapi\routing.py", line 116, in app
    response = await f(request)
               ^^^^^^^^^^^^^^^^
  File "C:\Users\User\AppData\Local\Programs\Python\Python312\Lib\site-packages\fastapi\routing.py", line 670, in app
    raw_response = await run_endpoint_function(
                   ^^^^^^^^^^^^^^^^^^^^^^^^^^^^
  File "C:\Users\User\AppData\Local\Programs\Python\Python312\Lib\site-packages\fastapi\routing.py", line 324, in run_endpoint_function
    return await dependant.call(**values)
           ^^^^^^^^^^^^^^^^^^^^^^^^^^^^^^
  File "C:\VS_Code\MAGGxDND\backend\src\api\routers\session_router.py", line 1445, in ai_initialize_session
    logger.error(f"[AI-INIT] Failed to create session: {e}")
    ^^^^^^
NameError: name 'logger' is not defined
2026-03-26 13:45:47 - session.fggf - [31mERROR[0m - [google_gen.complete:129] - Google API Error: 400 User location is not supported for the API use.
2026-03-26 13:45:47 - session.fggf - [31mERROR[0m - [generator.generate_one_shot:157] - Unexpected error: 400 User location is not supported for the API use.
2026-03-26 13:45:51 - session.fggf - [31mERROR[0m - [google_gen.complete:129] - Google API Error: 400 User location is not supported for the API use.
2026-03-26 13:45:51 - session.fggf - [31mERROR[0m - [generator.generate_one_shot:157] - Unexpected error: 400 User location is not supported for the API use.
2026-03-26 13:45:53 - session.fggf - [31mERROR[0m - [google_gen.complete:129] - Google API Error: 400 User location is not supported for the API use.
2026-03-26 13:45:53 - session.fggf - [31mERROR[0m - [generator.generate_one_shot:157] - Unexpected error: 400 User location is not supported for the API use.
2026-03-26 13:45:54 - session.fggf - [31mERROR[0m - [google_gen.complete:129] - Google API Error: 400 User location is not supported for the API use.
2026-03-26 13:45:54 - session.fggf - [31mERROR[0m - [generator.generate_one_shot:157] - Unexpected error: 400 User location is not supported for the API use.
2026-03-26 13:45:57 - session.fggf - [31mERROR[0m - [google_gen.complete:129] - Google API Error: 400 User location is not supported for the API use.
2026-03-26 13:45:57 - session.fggf - [31mERROR[0m - [generator.generate_one_shot:157] - Unexpected error: 400 User location is not supported for the API use.
2026-03-26 13:46:02 - session.fggf - [31mERROR[0m - [google_gen.complete:129] - Google API Error: 400 User location is not supported for the API use.
2026-03-26 13:46:02 - session.fggf - [31mERROR[0m - [generator.generate_one_shot:157] - Unexpected error: 400 User location is not supported for the API use.
2026-03-26 13:46:05 - session.fggf - [31mERROR[0m - [google_gen.complete:129] - Google API Error: 400 User location is not supported for the API use.
2026-03-26 13:46:05 - session.fggf - [31mERROR[0m - [generator.generate_one_shot:157] - Unexpected error: 400 User location is not supported for the API use.
2026-03-26 13:46:07 - session.fggf - [31mERROR[0m - [google_gen.complete:129] - Google API Error: 400 User location is not supported for the API use.
2026-03-26 13:46:07 - session.fggf - [31mERROR[0m - [generator.generate_one_shot:157] - Unexpected error: 400 User location is not supported for the API use.
2026-03-26 13:46:08 - backend.src.api.routers.session_router - [31mERROR[0m - [session_router.start_session:637] - [START] Scene generation error: Failed to generate valid SceneNode after 8 attempts.
Traceback (most recent call last):
  File "C:\VS_Code\MAGGxDND\backend\src\api\routers\session_router.py", line 619, in start_session
    scene = game_session.generator.generate_one_shot(
            ^^^^^^^^^^^^^^^^^^^^^^^^^^^^^^^^^^^^^^^^^
  File "C:\VS_Code\SKLS_core\skls_generator\generator.py", line 165, in generate_one_shot
    raise Exception(f"Failed to generate valid {pydantic_model.__name__} after {retries} attempts.")
Exception: Failed to generate valid SceneNode after 8 attempts.
2026-03-26 13:46:08 - session.fggf.engine.session - [31mERROR[0m - [session_router.start_session:786] - Ошибка при запуске сессии: cannot access local variable 'scene' where it is not associated with a value
2026-03-27 03:35:09 - session.г-ънх.юзбщшгн.engine.session - [31mERROR[0m - [session_router.start_session:1018] - Ошибка при запуске сессии: 'Generator' object has no attribute 'api_key'
2026-03-27 03:47:18 - backend.src.api.routers.session_router - [31mERROR[0m - [session_router.start_session:994] - [START] NPC generation error: type object 'CharacterClass' has no attribute 'COMMONER'
Traceback (most recent call last):
  File "C:\VS_Code\MAGGxDND\backend\src\api\routers\session_router.py", line 989, in start_session
    npc_character = procedural_gen.generate_npc(role=None, prompt=prompt)
                    ^^^^^^^^^^^^^^^^^^^^^^^^^^^^^^^^^^^^^^^^^^^^^^^^^^^^^
  File "C:\VS_Code\MAGGxDND\backend\src\api\routers\session_router.py", line 285, in generate_npc
    char_class=CharacterClass.COMMONER,
               ^^^^^^^^^^^^^^^^^^^^^^^
AttributeError: type object 'CharacterClass' has no attribute 'COMMONER'
2026-03-27 03:47:18 - backend.src.api.routers.session_router - [31mERROR[0m - [session_router.start_session:994] - [START] NPC generation error: type object 'CharacterClass' has no attribute 'COMMONER'
Traceback (most recent call last):
  File "C:\VS_Code\MAGGxDND\backend\src\api\routers\session_router.py", line 989, in start_session
    npc_character = procedural_gen.generate_npc(role=None, prompt=prompt)
                    ^^^^^^^^^^^^^^^^^^^^^^^^^^^^^^^^^^^^^^^^^^^^^^^^^^^^^
  File "C:\VS_Code\MAGGxDND\backend\src\api\routers\session_router.py", line 285, in generate_npc
    char_class=CharacterClass.COMMONER,
               ^^^^^^^^^^^^^^^^^^^^^^^
AttributeError: type object 'CharacterClass' has no attribute 'COMMONER'
2026-03-27 08:57:21 - session.awertfghj - [31mERROR[0m - [google_gen.complete:129] - Google API Error: 429 Resource exhausted. Please try again later. Please refer to https://cloud.google.com/vertex-ai/generative-ai/docs/error-code-429 for more details.
2026-03-27 08:57:21 - session.awertfghj - [31mERROR[0m - [generator.generate_one_shot:157] - Unexpected error: 429 Resource exhausted. Please try again later. Please refer to https://cloud.google.com/vertex-ai/generative-ai/docs/error-code-429 for more details.
2026-03-27 08:57:27 - backend.src.api.routers.session_router - [31mERROR[0m - [session_router.start_session:1021] - [START] NPC generation error: type object 'CharacterClass' has no attribute 'COMMONER'
Traceback (most recent call last):
  File "C:\VS_Code\MAGGxDND\backend\src\api\routers\session_router.py", line 1013, in start_session
    npc_character = procedural_gen.generate_npc(role=None, prompt=prompt)
                    ^^^^^^^^^^^^^^^^^^^^^^^^^^^^^^^^^^^^^^^^^^^^^^^^^^^^^
  File "C:\VS_Code\MAGGxDND\backend\src\api\routers\session_router.py", line 285, in generate_npc
    char_class=CharacterClass.COMMONER,
               ^^^^^^^^^^^^^^^^^^^^^^^
AttributeError: type object 'CharacterClass' has no attribute 'COMMONER'
2026-03-27 08:57:27 - backend.src.api.routers.session_router - [31mERROR[0m - [session_router.start_session:1021] - [START] NPC generation error: type object 'CharacterClass' has no attribute 'COMMONER'
Traceback (most recent call last):
  File "C:\VS_Code\MAGGxDND\backend\src\api\routers\session_router.py", line 1013, in start_session
    npc_character = procedural_gen.generate_npc(role=None, prompt=prompt)
                    ^^^^^^^^^^^^^^^^^^^^^^^^^^^^^^^^^^^^^^^^^^^^^^^^^^^^^
  File "C:\VS_Code\MAGGxDND\backend\src\api\routers\session_router.py", line 285, in generate_npc
    char_class=CharacterClass.COMMONER,
               ^^^^^^^^^^^^^^^^^^^^^^^
AttributeError: type object 'CharacterClass' has no attribute 'COMMONER'
2026-03-27 09:28:18 - session.марнгобом - [31mERROR[0m - [google_gen.complete:129] - Google API Error: 429 Resource exhausted. Please try again later. Please refer to https://cloud.google.com/vertex-ai/generative-ai/docs/error-code-429 for more details.
2026-03-27 09:28:18 - session.марнгобом - [31mERROR[0m - [generator.generate_one_shot:157] - Unexpected error: 429 Resource exhausted. Please try again later. Please refer to https://cloud.google.com/vertex-ai/generative-ai/docs/error-code-429 for more details.
2026-03-27 09:28:19 - session.марнгобом - [31mERROR[0m - [google_gen.complete:129] - Google API Error: 429 Resource exhausted. Please try again later. Please refer to https://cloud.google.com/vertex-ai/generative-ai/docs/error-code-429 for more details.
2026-03-27 09:28:19 - session.марнгобом - [31mERROR[0m - [generator.generate_one_shot:157] - Unexpected error: 429 Resource exhausted. Please try again later. Please refer to https://cloud.google.com/vertex-ai/generative-ai/docs/error-code-429 for more details.
2026-03-27 09:28:21 - session.марнгобом - [31mERROR[0m - [google_gen.complete:129] - Google API Error: 429 Resource exhausted. Please try again later. Please refer to https://cloud.google.com/vertex-ai/generative-ai/docs/error-code-429 for more details.
2026-03-27 09:28:21 - session.марнгобом - [31mERROR[0m - [generator.generate_one_shot:157] - Unexpected error: 429 Resource exhausted. Please try again later. Please refer to https://cloud.google.com/vertex-ai/generative-ai/docs/error-code-429 for more details.
2026-03-27 09:28:31 - session.марнгобом - [31mERROR[0m - [google_gen.complete:129] - Google API Error: 429 Resource exhausted. Please try again later. Please refer to https://cloud.google.com/vertex-ai/generative-ai/docs/error-code-429 for more details.
2026-03-27 09:28:31 - session.марнгобом - [31mERROR[0m - [generator.generate_one_shot:157] - Unexpected error: 429 Resource exhausted. Please try again later. Please refer to https://cloud.google.com/vertex-ai/generative-ai/docs/error-code-429 for more details.
2026-03-27 09:28:42 - backend.src.api.routers.session_router - [31mERROR[0m - [session_router.start_session:1061] - [START] NPC generation error: type object 'CharacterClass' has no attribute 'COMMONER'
Traceback (most recent call last):
  File "C:\VS_Code\MAGGxDND\backend\src\api\routers\session_router.py", line 1053, in start_session
    npc_character = procedural_gen.generate_npc(role=None, prompt=prompt)
                    ^^^^^^^^^^^^^^^^^^^^^^^^^^^^^^^^^^^^^^^^^^^^^^^^^^^^^
  File "C:\VS_Code\MAGGxDND\backend\src\api\routers\session_router.py", line 285, in generate_npc
    char_class=CharacterClass.COMMONER,
               ^^^^^^^^^^^^^^^^^^^^^^^
AttributeError: type object 'CharacterClass' has no attribute 'COMMONER'
2026-03-27 09:28:42 - backend.src.api.routers.session_router - [31mERROR[0m - [session_router.start_session:1061] - [START] NPC generation error: type object 'CharacterClass' has no attribute 'COMMONER'
Traceback (most recent call last):
  File "C:\VS_Code\MAGGxDND\backend\src\api\routers\session_router.py", line 1053, in start_session
    npc_character = procedural_gen.generate_npc(role=None, prompt=prompt)
                    ^^^^^^^^^^^^^^^^^^^^^^^^^^^^^^^^^^^^^^^^^^^^^^^^^^^^^
  File "C:\VS_Code\MAGGxDND\backend\src\api\routers\session_router.py", line 285, in generate_npc
    char_class=CharacterClass.COMMONER,
               ^^^^^^^^^^^^^^^^^^^^^^^
AttributeError: type object 'CharacterClass' has no attribute 'COMMONER'
2026-03-27 09:36:21 - session.пкноегал - [31mERROR[0m - [google_gen.complete:129] - Google API Error: 429 Resource exhausted. Please try again later. Please refer to https://cloud.google.com/vertex-ai/generative-ai/docs/error-code-429 for more details.
2026-03-27 09:36:21 - session.пкноегал - [31mERROR[0m - [generator.generate_one_shot:157] - Unexpected error: 429 Resource exhausted. Please try again later. Please refer to https://cloud.google.com/vertex-ai/generative-ai/docs/error-code-429 for more details.
2026-03-27 09:36:27 - backend.src.api.routers.session_router - [31mERROR[0m - [session_router.start_session:1061] - [START] NPC generation error: type object 'CharacterClass' has no attribute 'COMMONER'
Traceback (most recent call last):
  File "C:\VS_Code\MAGGxDND\backend\src\api\routers\session_router.py", line 1053, in start_session
    npc_character = procedural_gen.generate_npc(role=None, prompt=prompt)
                    ^^^^^^^^^^^^^^^^^^^^^^^^^^^^^^^^^^^^^^^^^^^^^^^^^^^^^
  File "C:\VS_Code\MAGGxDND\backend\src\api\routers\session_router.py", line 285, in generate_npc
    char_class=CharacterClass.COMMONER,
               ^^^^^^^^^^^^^^^^^^^^^^^
AttributeError: type object 'CharacterClass' has no attribute 'COMMONER'
2026-03-27 09:36:27 - backend.src.api.routers.session_router - [31mERROR[0m - [session_router.start_session:1061] - [START] NPC generation error: type object 'CharacterClass' has no attribute 'COMMONER'
Traceback (most recent call last):
  File "C:\VS_Code\MAGGxDND\backend\src\api\routers\session_router.py", line 1053, in start_session
    npc_character = procedural_gen.generate_npc(role=None, prompt=prompt)
                    ^^^^^^^^^^^^^^^^^^^^^^^^^^^^^^^^^^^^^^^^^^^^^^^^^^^^^
  File "C:\VS_Code\MAGGxDND\backend\src\api\routers\session_router.py", line 285, in generate_npc
    char_class=CharacterClass.COMMONER,
               ^^^^^^^^^^^^^^^^^^^^^^^
AttributeError: type object 'CharacterClass' has no attribute 'COMMONER'
2026-03-27 09:45:39 - backend.src.api.routers.session_router - [31mERROR[0m - [session_router.start_session:1061] - [START] NPC generation error: type object 'CharacterClass' has no attribute 'COMMONER'
Traceback (most recent call last):
  File "C:\VS_Code\MAGGxDND\backend\src\api\routers\session_router.py", line 1053, in start_session
    npc_character = procedural_gen.generate_npc(role=None, prompt=prompt)
                    ^^^^^^^^^^^^^^^^^^^^^^^^^^^^^^^^^^^^^^^^^^^^^^^^^^^^^
  File "C:\VS_Code\MAGGxDND\backend\src\api\routers\session_router.py", line 285, in generate_npc
    char_class=CharacterClass.COMMONER,
               ^^^^^^^^^^^^^^^^^^^^^^^
AttributeError: type object 'CharacterClass' has no attribute 'COMMONER'
2026-03-27 09:45:39 - backend.src.api.routers.session_router - [31mERROR[0m - [session_router.start_session:1061] - [START] NPC generation error: type object 'CharacterClass' has no attribute 'COMMONER'
Traceback (most recent call last):
  File "C:\VS_Code\MAGGxDND\backend\src\api\routers\session_router.py", line 1053, in start_session
    npc_character = procedural_gen.generate_npc(role=None, prompt=prompt)
                    ^^^^^^^^^^^^^^^^^^^^^^^^^^^^^^^^^^^^^^^^^^^^^^^^^^^^^
  File "C:\VS_Code\MAGGxDND\backend\src\api\routers\session_router.py", line 285, in generate_npc
    char_class=CharacterClass.COMMONER,
               ^^^^^^^^^^^^^^^^^^^^^^^
AttributeError: type object 'CharacterClass' has no attribute 'COMMONER'
2026-03-29 09:40:00 - main - [31mERROR[0m - [main.global_exception_handler:83] - Unhandled exception: 'charmap' codec can't encode characters in position 7-97: character maps to <undefined>
Traceback (most recent call last):
  File "C:\Users\User\AppData\Local\Programs\Python\Python312\Lib\site-packages\starlette\middleware\errors.py", line 164, in __call__
    await self.app(scope, receive, _send)
  File "C:\Users\User\AppData\Local\Programs\Python\Python312\Lib\site-packages\starlette\middleware\cors.py", line 87, in __call__
    await self.app(scope, receive, send)
  File "C:\Users\User\AppData\Local\Programs\Python\Python312\Lib\site-packages\starlette\middleware\base.py", line 193, in __call__
    response = await self.dispatch_func(request, call_next)
               ^^^^^^^^^^^^^^^^^^^^^^^^^^^^^^^^^^^^^^^^^^^^
  File "C:\VS_Code\MAGGxDND\backend\src\api\middleware\logging.py", line 299, in dispatch
    response = await call_next(request)
               ^^^^^^^^^^^^^^^^^^^^^^^^
  File "C:\Users\User\AppData\Local\Programs\Python\Python312\Lib\site-packages\starlette\middleware\base.py", line 168, in call_next
    raise app_exc from app_exc.__cause__ or app_exc.__context__
  File "C:\Users\User\AppData\Local\Programs\Python\Python312\Lib\site-packages\starlette\middleware\base.py", line 144, in coro
    await self.app(scope, receive_or_disconnect, send_no_error)
  File "C:\Users\User\AppData\Local\Programs\Python\Python312\Lib\site-packages\starlette\middleware\base.py", line 193, in __call__
    response = await self.dispatch_func(request, call_next)
               ^^^^^^^^^^^^^^^^^^^^^^^^^^^^^^^^^^^^^^^^^^^^
  File "C:\VS_Code\MAGGxDND\backend\src\api\middleware\logging.py", line 96, in dispatch
    print(f"\n{Colors.CYAN}┌{'─' * 90}{Colors.RESET}")
  File "C:\Users\User\AppData\Local\Programs\Python\Python312\Lib\encodings\cp1251.py", line 19, in encode
    return codecs.charmap_encode(input,self.errors,encoding_table)[0]
           ^^^^^^^^^^^^^^^^^^^^^^^^^^^^^^^^^^^^^^^^^^^^^^^^^^^^^^^
UnicodeEncodeError: 'charmap' codec can't encode characters in position 7-97: character maps to <undefined>
2026-03-29 09:40:24 - main - [31mERROR[0m - [main.global_exception_handler:83] - Unhandled exception: 'charmap' codec can't encode characters in position 7-97: character maps to <undefined>
Traceback (most recent call last):
  File "C:\Users\User\AppData\Local\Programs\Python\Python312\Lib\site-packages\starlette\middleware\errors.py", line 164, in __call__
    await self.app(scope, receive, _send)
  File "C:\Users\User\AppData\Local\Programs\Python\Python312\Lib\site-packages\starlette\middleware\cors.py", line 87, in __call__
    await self.app(scope, receive, send)
  File "C:\Users\User\AppData\Local\Programs\Python\Python312\Lib\site-packages\starlette\middleware\base.py", line 193, in __call__
    response = await self.dispatch_func(request, call_next)
               ^^^^^^^^^^^^^^^^^^^^^^^^^^^^^^^^^^^^^^^^^^^^
  File "C:\VS_Code\MAGGxDND\backend\src\api\middleware\logging.py", line 299, in dispatch
    response = await call_next(request)
               ^^^^^^^^^^^^^^^^^^^^^^^^
  File "C:\Users\User\AppData\Local\Programs\Python\Python312\Lib\site-packages\starlette\middleware\base.py", line 168, in call_next
    raise app_exc from app_exc.__cause__ or app_exc.__context__
  File "C:\Users\User\AppData\Local\Programs\Python\Python312\Lib\site-packages\starlette\middleware\base.py", line 144, in coro
    await self.app(scope, receive_or_disconnect, send_no_error)
  File "C:\Users\User\AppData\Local\Programs\Python\Python312\Lib\site-packages\starlette\middleware\base.py", line 193, in __call__
    response = await self.dispatch_func(request, call_next)
               ^^^^^^^^^^^^^^^^^^^^^^^^^^^^^^^^^^^^^^^^^^^^
  File "C:\VS_Code\MAGGxDND\backend\src\api\middleware\logging.py", line 96, in dispatch
    print(f"\n{Colors.CYAN}┌{'─' * 90}{Colors.RESET}")
  File "C:\Users\User\AppData\Local\Programs\Python\Python312\Lib\encodings\cp1251.py", line 19, in encode
    return codecs.charmap_encode(input,self.errors,encoding_table)[0]
           ^^^^^^^^^^^^^^^^^^^^^^^^^^^^^^^^^^^^^^^^^^^^^^^^^^^^^^^
UnicodeEncodeError: 'charmap' codec can't encode characters in position 7-97: character maps to <undefined>
2026-03-29 09:44:07 - main - [31mERROR[0m - [main.global_exception_handler:83] - Unhandled exception: 'charmap' codec can't encode characters in position 7-97: character maps to <undefined>
Traceback (most recent call last):
  File "C:\Users\User\AppData\Local\Programs\Python\Python312\Lib\site-packages\starlette\middleware\errors.py", line 164, in __call__
    await self.app(scope, receive, _send)
  File "C:\Users\User\AppData\Local\Programs\Python\Python312\Lib\site-packages\starlette\middleware\cors.py", line 87, in __call__
    await self.app(scope, receive, send)
  File "C:\Users\User\AppData\Local\Programs\Python\Python312\Lib\site-packages\starlette\middleware\base.py", line 193, in __call__
    response = await self.dispatch_func(request, call_next)
               ^^^^^^^^^^^^^^^^^^^^^^^^^^^^^^^^^^^^^^^^^^^^
  File "C:\VS_Code\MAGGxDND\backend\src\api\middleware\logging.py", line 299, in dispatch
    response = await call_next(request)
               ^^^^^^^^^^^^^^^^^^^^^^^^
  File "C:\Users\User\AppData\Local\Programs\Python\Python312\Lib\site-packages\starlette\middleware\base.py", line 168, in call_next
    raise app_exc from app_exc.__cause__ or app_exc.__context__
  File "C:\Users\User\AppData\Local\Programs\Python\Python312\Lib\site-packages\starlette\middleware\base.py", line 144, in coro
    await self.app(scope, receive_or_disconnect, send_no_error)
  File "C:\Users\User\AppData\Local\Programs\Python\Python312\Lib\site-packages\starlette\middleware\base.py", line 193, in __call__
    response = await self.dispatch_func(request, call_next)
               ^^^^^^^^^^^^^^^^^^^^^^^^^^^^^^^^^^^^^^^^^^^^
  File "C:\VS_Code\MAGGxDND\backend\src\api\middleware\logging.py", line 96, in dispatch
    print(f"\n{Colors.CYAN}┌{'─' * 90}{Colors.RESET}")
  File "C:\Users\User\AppData\Local\Programs\Python\Python312\Lib\encodings\cp1251.py", line 19, in encode
    return codecs.charmap_encode(input,self.errors,encoding_table)[0]
           ^^^^^^^^^^^^^^^^^^^^^^^^^^^^^^^^^^^^^^^^^^^^^^^^^^^^^^^
UnicodeEncodeError: 'charmap' codec can't encode characters in position 7-97: character maps to <undefined>
2026-03-29 10:02:40 - session.ssryjstyj - [31mERROR[0m - [google_gen.complete:129] - Google API Error: 400 User location is not supported for the API use.
2026-03-29 10:02:40 - session.ssryjstyj - [31mERROR[0m - [generator.generate_one_shot:157] - Unexpected error: 400 User location is not supported for the API use.
2026-03-29 10:02:41 - session.ssryjstyj - [31mERROR[0m - [google_gen.complete:129] - Google API Error: 400 User location is not supported for the API use.
2026-03-29 10:02:41 - session.ssryjstyj - [31mERROR[0m - [generator.generate_one_shot:157] - Unexpected error: 400 User location is not supported for the API use.
2026-03-29 10:02:43 - session.ssryjstyj - [31mERROR[0m - [google_gen.complete:129] - Google API Error: 400 User location is not supported for the API use.
2026-03-29 10:02:43 - session.ssryjstyj - [31mERROR[0m - [generator.generate_one_shot:157] - Unexpected error: 400 User location is not supported for the API use.
2026-03-29 10:02:44 - session.ssryjstyj - [31mERROR[0m - [google_gen.complete:129] - Google API Error: 400 User location is not supported for the API use.
2026-03-29 10:02:44 - session.ssryjstyj - [31mERROR[0m - [generator.generate_one_shot:157] - Unexpected error: 400 User location is not supported for the API use.
2026-03-29 10:02:45 - session.ssryjstyj - [31mERROR[0m - [google_gen.complete:129] - Google API Error: 400 User location is not supported for the API use.
2026-03-29 10:02:45 - session.ssryjstyj - [31mERROR[0m - [generator.generate_one_shot:157] - Unexpected error: 400 User location is not supported for the API use.
2026-03-29 10:02:47 - session.ssryjstyj - [31mERROR[0m - [google_gen.complete:129] - Google API Error: 400 User location is not supported for the API use.
2026-03-29 10:02:47 - session.ssryjstyj - [31mERROR[0m - [generator.generate_one_shot:157] - Unexpected error: 400 User location is not supported for the API use.
2026-03-29 10:02:48 - session.ssryjstyj - [31mERROR[0m - [google_gen.complete:129] - Google API Error: 400 User location is not supported for the API use.
2026-03-29 10:02:48 - session.ssryjstyj - [31mERROR[0m - [generator.generate_one_shot:157] - Unexpected error: 400 User location is not supported for the API use.
2026-03-29 10:02:49 - session.ssryjstyj - [31mERROR[0m - [google_gen.complete:129] - Google API Error: 400 User location is not supported for the API use.
2026-03-29 10:02:49 - session.ssryjstyj - [31mERROR[0m - [generator.generate_one_shot:157] - Unexpected error: 400 User location is not supported for the API use.
2026-03-29 10:02:50 - backend.src.api.routers.session_router - [31mERROR[0m - [session_router.start_session:972] - [START] Scene generation error: Failed to generate valid SceneNode after 8 attempts.
Traceback (most recent call last):
  File "C:\VS_Code\MAGGxDND\backend\src\api\routers\session_router.py", line 958, in start_session
    scene = game_session.generator.generate_one_shot(
            ^^^^^^^^^^^^^^^^^^^^^^^^^^^^^^^^^^^^^^^^^
  File "C:\VS_Code\SKLS_core\skls_generator\generator.py", line 165, in generate_one_shot
    raise Exception(f"Failed to generate valid {pydantic_model.__name__} after {retries} attempts.")
Exception: Failed to generate valid SceneNode after 8 attempts.
2026-03-29 10:02:51 - session.ssryjstyj - [31mERROR[0m - [google_gen.complete:129] - Google API Error: 400 User location is not supported for the API use.
2026-03-29 10:02:51 - session.ssryjstyj - [31mERROR[0m - [generator.generate_one_shot:157] - Unexpected error: 400 User location is not supported for the API use.
2026-03-29 10:02:52 - session.ssryjstyj - [31mERROR[0m - [google_gen.complete:129] - Google API Error: 400 User location is not supported for the API use.
2026-03-29 10:02:52 - session.ssryjstyj - [31mERROR[0m - [generator.generate_one_shot:157] - Unexpected error: 400 User location is not supported for the API use.
2026-03-29 10:02:53 - session.ssryjstyj - [31mERROR[0m - [google_gen.complete:129] - Google API Error: 400 User location is not supported for the API use.
2026-03-29 10:02:53 - session.ssryjstyj - [31mERROR[0m - [generator.generate_one_shot:157] - Unexpected error: 400 User location is not supported for the API use.
2026-03-29 10:02:55 - session.ssryjstyj - [31mERROR[0m - [google_gen.complete:129] - Google API Error: 400 User location is not supported for the API use.
2026-03-29 10:02:55 - session.ssryjstyj - [31mERROR[0m - [generator.generate_one_shot:157] - Unexpected error: 400 User location is not supported for the API use.
2026-03-29 10:02:56 - session.ssryjstyj - [31mERROR[0m - [google_gen.complete:129] - Google API Error: 400 User location is not supported for the API use.
2026-03-29 10:02:56 - session.ssryjstyj - [31mERROR[0m - [generator.generate_one_shot:157] - Unexpected error: 400 User location is not supported for the API use.
2026-03-29 10:02:57 - session.ssryjstyj - [31mERROR[0m - [google_gen.complete:129] - Google API Error: 400 User location is not supported for the API use.
2026-03-29 10:02:57 - session.ssryjstyj - [31mERROR[0m - [generator.generate_one_shot:157] - Unexpected error: 400 User location is not supported for the API use.
2026-03-29 10:02:58 - session.ssryjstyj - [31mERROR[0m - [google_gen.complete:129] - Google API Error: 400 User location is not supported for the API use.
2026-03-29 10:02:58 - session.ssryjstyj - [31mERROR[0m - [generator.generate_one_shot:157] - Unexpected error: 400 User location is not supported for the API use.
2026-03-29 10:03:00 - session.ssryjstyj - [31mERROR[0m - [google_gen.complete:129] - Google API Error: 400 User location is not supported for the API use.
2026-03-29 10:03:00 - session.ssryjstyj - [31mERROR[0m - [generator.generate_one_shot:157] - Unexpected error: 400 User location is not supported for the API use.
2026-03-29 10:03:01 - backend.src.api.routers.session_router - [31mERROR[0m - [session_router.start_session:1031] - [START] Procedural generation failed: name 'CharacterClass' is not defined
2026-03-29 10:03:01 - backend.src.api.routers.session_router - [31mERROR[0m - [session_router.start_session:1094] - [START] NPC generation error: type object 'CharacterClass' has no attribute 'COMMONER'
Traceback (most recent call last):
  File "C:\VS_Code\MAGGxDND\backend\src\api\routers\session_router.py", line 1086, in start_session
    npc_character = procedural_gen.generate_npc(role=None, prompt=prompt)
                    ^^^^^^^^^^^^^^^^^^^^^^^^^^^^^^^^^^^^^^^^^^^^^^^^^^^^^
  File "C:\VS_Code\MAGGxDND\backend\src\api\routers\session_router.py", line 286, in generate_npc
    char_class=CharacterClass.COMMONER,
               ^^^^^^^^^^^^^^^^^^^^^^^
AttributeError: type object 'CharacterClass' has no attribute 'COMMONER'
2026-03-29 10:03:01 - backend.src.api.routers.session_router - [31mERROR[0m - [session_router.start_session:1094] - [START] NPC generation error: type object 'CharacterClass' has no attribute 'COMMONER'
Traceback (most recent call last):
  File "C:\VS_Code\MAGGxDND\backend\src\api\routers\session_router.py", line 1086, in start_session
    npc_character = procedural_gen.generate_npc(role=None, prompt=prompt)
                    ^^^^^^^^^^^^^^^^^^^^^^^^^^^^^^^^^^^^^^^^^^^^^^^^^^^^^
  File "C:\VS_Code\MAGGxDND\backend\src\api\routers\session_router.py", line 286, in generate_npc
    char_class=CharacterClass.COMMONER,
               ^^^^^^^^^^^^^^^^^^^^^^^
AttributeError: type object 'CharacterClass' has no attribute 'COMMONER'
2026-03-29 10:03:44 - session.stmhyku - [31mERROR[0m - [google_gen.complete:129] - Google API Error: 400 User location is not supported for the API use.
2026-03-29 10:03:44 - session.stmhyku - [31mERROR[0m - [generator.generate_one_shot:157] - Unexpected error: 400 User location is not supported for the API use.
2026-03-29 10:03:46 - session.stmhyku - [31mERROR[0m - [google_gen.complete:129] - Google API Error: 400 User location is not supported for the API use.
2026-03-29 10:03:46 - session.stmhyku - [31mERROR[0m - [generator.generate_one_shot:157] - Unexpected error: 400 User location is not supported for the API use.
2026-03-29 10:03:47 - session.stmhyku - [31mERROR[0m - [google_gen.complete:129] - Google API Error: 400 User location is not supported for the API use.
2026-03-29 10:03:47 - session.stmhyku - [31mERROR[0m - [generator.generate_one_shot:157] - Unexpected error: 400 User location is not supported for the API use.
2026-03-29 10:03:48 - session.stmhyku - [31mERROR[0m - [google_gen.complete:129] - Google API Error: 400 User location is not supported for the API use.
2026-03-29 10:03:48 - session.stmhyku - [31mERROR[0m - [generator.generate_one_shot:157] - Unexpected error: 400 User location is not supported for the API use.
2026-03-29 10:03:50 - session.stmhyku - [31mERROR[0m - [google_gen.complete:129] - Google API Error: 400 User location is not supported for the API use.
2026-03-29 10:03:50 - session.stmhyku - [31mERROR[0m - [generator.generate_one_shot:157] - Unexpected error: 400 User location is not supported for the API use.
2026-03-29 10:03:51 - session.stmhyku - [31mERROR[0m - [google_gen.complete:129] - Google API Error: 400 User location is not supported for the API use.
2026-03-29 10:03:51 - session.stmhyku - [31mERROR[0m - [generator.generate_one_shot:157] - Unexpected error: 400 User location is not supported for the API use.
2026-03-29 10:03:52 - session.stmhyku - [31mERROR[0m - [google_gen.complete:129] - Google API Error: 400 User location is not supported for the API use.
2026-03-29 10:03:52 - session.stmhyku - [31mERROR[0m - [generator.generate_one_shot:157] - Unexpected error: 400 User location is not supported for the API use.
2026-03-29 10:03:53 - session.stmhyku - [31mERROR[0m - [google_gen.complete:129] - Google API Error: 400 User location is not supported for the API use.
2026-03-29 10:03:53 - session.stmhyku - [31mERROR[0m - [generator.generate_one_shot:157] - Unexpected error: 400 User location is not supported for the API use.
2026-03-29 10:03:54 - backend.src.api.routers.session_router - [31mERROR[0m - [session_router.start_session:972] - [START] Scene generation error: Failed to generate valid SceneNode after 8 attempts.
Traceback (most recent call last):
  File "C:\VS_Code\MAGGxDND\backend\src\api\routers\session_router.py", line 958, in start_session
    scene = game_session.generator.generate_one_shot(
            ^^^^^^^^^^^^^^^^^^^^^^^^^^^^^^^^^^^^^^^^^
  File "C:\VS_Code\SKLS_core\skls_generator\generator.py", line 165, in generate_one_shot
    raise Exception(f"Failed to generate valid {pydantic_model.__name__} after {retries} attempts.")
Exception: Failed to generate valid SceneNode after 8 attempts.
2026-03-29 10:03:55 - session.stmhyku - [31mERROR[0m - [google_gen.complete:129] - Google API Error: 400 User location is not supported for the API use.
2026-03-29 10:03:55 - session.stmhyku - [31mERROR[0m - [generator.generate_one_shot:157] - Unexpected error: 400 User location is not supported for the API use.
2026-03-29 10:03:56 - session.stmhyku - [31mERROR[0m - [google_gen.complete:129] - Google API Error: 400 User location is not supported for the API use.
2026-03-29 10:03:56 - session.stmhyku - [31mERROR[0m - [generator.generate_one_shot:157] - Unexpected error: 400 User location is not supported for the API use.
2026-03-29 10:03:57 - session.stmhyku - [31mERROR[0m - [google_gen.complete:129] - Google API Error: 400 User location is not supported for the API use.
2026-03-29 10:03:57 - session.stmhyku - [31mERROR[0m - [generator.generate_one_shot:157] - Unexpected error: 400 User location is not supported for the API use.
2026-03-29 10:03:59 - session.stmhyku - [31mERROR[0m - [google_gen.complete:129] - Google API Error: 400 User location is not supported for the API use.
2026-03-29 10:03:59 - session.stmhyku - [31mERROR[0m - [generator.generate_one_shot:157] - Unexpected error: 400 User location is not supported for the API use.
2026-03-29 10:04:00 - session.stmhyku - [31mERROR[0m - [google_gen.complete:129] - Google API Error: 400 User location is not supported for the API use.
2026-03-29 10:04:00 - session.stmhyku - [31mERROR[0m - [generator.generate_one_shot:157] - Unexpected error: 400 User location is not supported for the API use.
2026-03-29 10:04:01 - session.stmhyku - [31mERROR[0m - [google_gen.complete:129] - Google API Error: 400 User location is not supported for the API use.
2026-03-29 10:04:01 - session.stmhyku - [31mERROR[0m - [generator.generate_one_shot:157] - Unexpected error: 400 User location is not supported for the API use.
2026-03-29 10:04:02 - session.stmhyku - [31mERROR[0m - [google_gen.complete:129] - Google API Error: 400 User location is not supported for the API use.
2026-03-29 10:04:02 - session.stmhyku - [31mERROR[0m - [generator.generate_one_shot:157] - Unexpected error: 400 User location is not supported for the API use.
2026-03-29 10:04:04 - session.stmhyku - [31mERROR[0m - [google_gen.complete:129] - Google API Error: 400 User location is not supported for the API use.
2026-03-29 10:04:04 - session.stmhyku - [31mERROR[0m - [generator.generate_one_shot:157] - Unexpected error: 400 User location is not supported for the API use.
2026-03-29 10:04:05 - backend.src.api.routers.session_router - [31mERROR[0m - [session_router.start_session:1031] - [START] Procedural generation failed: name 'CharacterClass' is not defined
2026-03-29 10:04:05 - backend.src.api.routers.session_router - [31mERROR[0m - [session_router.start_session:1094] - [START] NPC generation error: type object 'CharacterClass' has no attribute 'COMMONER'
Traceback (most recent call last):
  File "C:\VS_Code\MAGGxDND\backend\src\api\routers\session_router.py", line 1086, in start_session
    npc_character = procedural_gen.generate_npc(role=None, prompt=prompt)
                    ^^^^^^^^^^^^^^^^^^^^^^^^^^^^^^^^^^^^^^^^^^^^^^^^^^^^^
  File "C:\VS_Code\MAGGxDND\backend\src\api\routers\session_router.py", line 286, in generate_npc
    char_class=CharacterClass.COMMONER,
               ^^^^^^^^^^^^^^^^^^^^^^^
AttributeError: type object 'CharacterClass' has no attribute 'COMMONER'
2026-03-29 10:04:05 - backend.src.api.routers.session_router - [31mERROR[0m - [session_router.start_session:1094] - [START] NPC generation error: type object 'CharacterClass' has no attribute 'COMMONER'
Traceback (most recent call last):
  File "C:\VS_Code\MAGGxDND\backend\src\api\routers\session_router.py", line 1086, in start_session
    npc_character = procedural_gen.generate_npc(role=None, prompt=prompt)
                    ^^^^^^^^^^^^^^^^^^^^^^^^^^^^^^^^^^^^^^^^^^^^^^^^^^^^^
  File "C:\VS_Code\MAGGxDND\backend\src\api\routers\session_router.py", line 286, in generate_npc
    char_class=CharacterClass.COMMONER,
               ^^^^^^^^^^^^^^^^^^^^^^^
AttributeError: type object 'CharacterClass' has no attribute 'COMMONER'
2026-03-29 10:07:20 - session.зирнг рощиг - [31mERROR[0m - [google_gen.complete:129] - Google API Error: 400 User location is not supported for the API use.
2026-03-29 10:07:20 - session.зирнг рощиг - [31mERROR[0m - [generator.generate_one_shot:157] - Unexpected error: 400 User location is not supported for the API use.
2026-03-29 10:07:21 - session.зирнг рощиг - [31mERROR[0m - [google_gen.complete:129] - Google API Error: 400 User location is not supported for the API use.
2026-03-29 10:07:21 - session.зирнг рощиг - [31mERROR[0m - [generator.generate_one_shot:157] - Unexpected error: 400 User location is not supported for the API use.
2026-03-29 10:07:22 - session.зирнг рощиг - [31mERROR[0m - [google_gen.complete:129] - Google API Error: 400 User location is not supported for the API use.
2026-03-29 10:07:22 - session.зирнг рощиг - [31mERROR[0m - [generator.generate_one_shot:157] - Unexpected error: 400 User location is not supported for the API use.
2026-03-29 10:07:23 - session.зирнг рощиг - [31mERROR[0m - [google_gen.complete:129] - Google API Error: 400 User location is not supported for the API use.
2026-03-29 10:07:23 - session.зирнг рощиг - [31mERROR[0m - [generator.generate_one_shot:157] - Unexpected error: 400 User location is not supported for the API use.
2026-03-29 10:07:25 - session.зирнг рощиг - [31mERROR[0m - [google_gen.complete:129] - Google API Error: 400 User location is not supported for the API use.
2026-03-29 10:07:25 - session.зирнг рощиг - [31mERROR[0m - [generator.generate_one_shot:157] - Unexpected error: 400 User location is not supported for the API use.
2026-03-29 10:07:26 - session.зирнг рощиг - [31mERROR[0m - [google_gen.complete:129] - Google API Error: 400 User location is not supported for the API use.
2026-03-29 10:07:26 - session.зирнг рощиг - [31mERROR[0m - [generator.generate_one_shot:157] - Unexpected error: 400 User location is not supported for the API use.
2026-03-29 10:07:27 - session.зирнг рощиг - [31mERROR[0m - [google_gen.complete:129] - Google API Error: 400 User location is not supported for the API use.
2026-03-29 10:07:27 - session.зирнг рощиг - [31mERROR[0m - [generator.generate_one_shot:157] - Unexpected error: 400 User location is not supported for the API use.
2026-03-29 10:07:28 - session.зирнг рощиг - [31mERROR[0m - [google_gen.complete:129] - Google API Error: 400 User location is not supported for the API use.
2026-03-29 10:07:28 - session.зирнг рощиг - [31mERROR[0m - [generator.generate_one_shot:157] - Unexpected error: 400 User location is not supported for the API use.
2026-03-29 10:07:29 - backend.src.api.routers.session_router - [31mERROR[0m - [session_router.start_session:972] - [START] Scene generation error: Failed to generate valid SceneNode after 8 attempts.
Traceback (most recent call last):
  File "C:\VS_Code\MAGGxDND\backend\src\api\routers\session_router.py", line 958, in start_session
    scene = game_session.generator.generate_one_shot(
            ^^^^^^^^^^^^^^^^^^^^^^^^^^^^^^^^^^^^^^^^^
  File "C:\VS_Code\SKLS_core\skls_generator\generator.py", line 165, in generate_one_shot
    raise Exception(f"Failed to generate valid {pydantic_model.__name__} after {retries} attempts.")
Exception: Failed to generate valid SceneNode after 8 attempts.
2026-03-29 10:07:30 - session.зирнг рощиг - [31mERROR[0m - [google_gen.complete:129] - Google API Error: 400 User location is not supported for the API use.
2026-03-29 10:07:30 - session.зирнг рощиг - [31mERROR[0m - [generator.generate_one_shot:157] - Unexpected error: 400 User location is not supported for the API use.
2026-03-29 10:07:31 - session.зирнг рощиг - [31mERROR[0m - [google_gen.complete:129] - Google API Error: 400 User location is not supported for the API use.
2026-03-29 10:07:31 - session.зирнг рощиг - [31mERROR[0m - [generator.generate_one_shot:157] - Unexpected error: 400 User location is not supported for the API use.
2026-03-29 10:07:32 - session.зирнг рощиг - [31mERROR[0m - [google_gen.complete:129] - Google API Error: 400 User location is not supported for the API use.
2026-03-29 10:07:32 - session.зирнг рощиг - [31mERROR[0m - [generator.generate_one_shot:157] - Unexpected error: 400 User location is not supported for the API use.
2026-03-29 10:07:34 - session.зирнг рощиг - [31mERROR[0m - [google_gen.complete:129] - Google API Error: 400 User location is not supported for the API use.
2026-03-29 10:07:34 - session.зирнг рощиг - [31mERROR[0m - [generator.generate_one_shot:157] - Unexpected error: 400 User location is not supported for the API use.
2026-03-29 10:07:35 - session.зирнг рощиг - [31mERROR[0m - [google_gen.complete:129] - Google API Error: 400 User location is not supported for the API use.
2026-03-29 10:07:35 - session.зирнг рощиг - [31mERROR[0m - [generator.generate_one_shot:157] - Unexpected error: 400 User location is not supported for the API use.
2026-03-29 10:07:36 - session.зирнг рощиг - [31mERROR[0m - [google_gen.complete:129] - Google API Error: 400 User location is not supported for the API use.
2026-03-29 10:07:36 - session.зирнг рощиг - [31mERROR[0m - [generator.generate_one_shot:157] - Unexpected error: 400 User location is not supported for the API use.
2026-03-29 10:07:38 - session.зирнг рощиг - [31mERROR[0m - [google_gen.complete:129] - Google API Error: 400 User location is not supported for the API use.
2026-03-29 10:07:38 - session.зирнг рощиг - [31mERROR[0m - [generator.generate_one_shot:157] - Unexpected error: 400 User location is not supported for the API use.
2026-03-29 10:07:39 - session.зирнг рощиг - [31mERROR[0m - [google_gen.complete:129] - Google API Error: 400 User location is not supported for the API use.
2026-03-29 10:07:39 - session.зирнг рощиг - [31mERROR[0m - [generator.generate_one_shot:157] - Unexpected error: 400 User location is not supported for the API use.
2026-03-29 10:07:40 - backend.src.api.routers.session_router - [31mERROR[0m - [session_router.start_session:1031] - [START] Procedural generation failed: name 'CharacterClass' is not defined
2026-03-29 10:07:40 - backend.src.api.routers.session_router - [31mERROR[0m - [session_router.start_session:1094] - [START] NPC generation error: type object 'CharacterClass' has no attribute 'COMMONER'
Traceback (most recent call last):
  File "C:\VS_Code\MAGGxDND\backend\src\api\routers\session_router.py", line 1086, in start_session
    npc_character = procedural_gen.generate_npc(role=None, prompt=prompt)
                    ^^^^^^^^^^^^^^^^^^^^^^^^^^^^^^^^^^^^^^^^^^^^^^^^^^^^^
  File "C:\VS_Code\MAGGxDND\backend\src\api\routers\session_router.py", line 286, in generate_npc
    char_class=CharacterClass.COMMONER,
               ^^^^^^^^^^^^^^^^^^^^^^^
AttributeError: type object 'CharacterClass' has no attribute 'COMMONER'
2026-03-29 10:07:40 - backend.src.api.routers.session_router - [31mERROR[0m - [session_router.start_session:1094] - [START] NPC generation error: type object 'CharacterClass' has no attribute 'COMMONER'
Traceback (most recent call last):
  File "C:\VS_Code\MAGGxDND\backend\src\api\routers\session_router.py", line 1086, in start_session
    npc_character = procedural_gen.generate_npc(role=None, prompt=prompt)
                    ^^^^^^^^^^^^^^^^^^^^^^^^^^^^^^^^^^^^^^^^^^^^^^^^^^^^^
  File "C:\VS_Code\MAGGxDND\backend\src\api\routers\session_router.py", line 286, in generate_npc
    char_class=CharacterClass.COMMONER,
               ^^^^^^^^^^^^^^^^^^^^^^^
AttributeError: type object 'CharacterClass' has no attribute 'COMMONER'
